cookie_id,score
ck_315fb710a0e371e7,0.000918222806492317
ck_a76ee3b3e3e522fd,0.11876906953400715
ck_94c9a4d382689e82,0.06343319239386737
ck_8eaf9509ad9462a0,0.002489082753278523
ck_9a88a5a989cb5bc6,0.00842362811837175
ck_15239ef0689c1a35,0.01946925421397474
ck_8de69cd219d3b87f,0.37219528561985316
ck_f92cd37022b0ce21,0.009945841826071422
ck_1a3ff7620580a514,0.015120094404683223
ck_397c03aa33a57310,0.21499278736730806
ck_a7cf6c3b322f6b7a,0.005789004080244269
ck_c39a9e75760e3201,0.005741468070525451
ck_88ab6d245228c38e,0.000504434897842776
ck_17733f75ebdea93e,0.007544241441414698
ck_58eb871e8d7bed52,0.04650562820431288
ck_e55b7fa67db1ec27,0.0014331942220148055
ck_62f5cfe22c952694,0.010815174767008833
ck_7fbb709a0fe95759,0.005097439722192696
ck_87abe9cd066a20fb,0.046503907755493006
ck_d58e058b5c553dd5,0.008048724009710163
ck_d27b872648b71202,0.0029220490535541706
ck_4b4a3c5b95c55b43,0.0006214105461548768
ck_66dd4f4b4127256d,0.002009435121992507
ck_93cc12703b500613,0.049541266406053774
ck_d28806a2179092eb,0.9935771576927198
ck_0595c2a0c7881e05,0.006259761720790481
ck_50087d8666191144,0.21343747117467968
ck_b08b3f089138c901,0.012853119110185374
ck_fe3b67041dad2dd1,0.0010102523664801502
ck_8449a28f7d475d93,0.05731673258172338
ck_8642e3b6d84f49d3,0.012593250902648116
ck_e49b5e4f2f2e79db,0.7142821433088967
ck_437afe412ea4259c,0.07395007743595326
ck_569b83668d74042d,0.4787373240874498
ck_233a487d31c3e631,0.998413334626348
ck_1fca72e03143a645,0.9657833952641841
ck_79205e31223df2ad,0.08676028259917921
ck_9625a64406ea16e3,0.004162493560075255
ck_079bd18dacb704a8,0.07589990973211991
ck_4db6d4fd2b49aa81,0.017224029364742002
ck_0dbefdac0a1868fb,0.0016904743140304546
ck_24ff97ad90bdd69a,0.04651382706843943
ck_77f8c5042065d506,0.00541541727483411
ck_f11be8ce05382cec,0.008082471583609979
ck_c9d72140b0389216,0.011669903667448881
ck_69eda24e931fb36a,0.0007855098198361497
ck_ed471e496916ee15,0.004246544333105609
ck_ff090498c4b17ac3,0.003490828735546016
ck_c3c19d6a0720915c,0.0008240152833433741
ck_af02e1817cfa40b5,0.061838676031113794
ck_2df5a9fc87553eb1,0.006673819368690788
ck_4ac918e884cff336,0.034752592772586494
ck_ca149244b54ef3ad,0.0007146286942483686
ck_6babe5b8674ff51f,0.00859994547505369
ck_1573878386886290,0.008554924782020868
ck_3925f8565abb7fe4,0.006109493255129593
ck_c4de808ae69c771f,0.001053456663857566
ck_a777c813551281fe,0.011876164523292758
ck_df4424f6dd85080d,0.1637150361479535
ck_85e5494ec20383ae,0.023055576534981467
ck_f71a4094e889c3af,0.00126508489168938
ck_f2f3cf9cd23b2809,0.019909294685501153
ck_18e2076397bcc211,0.035646419429336884
ck_c9f9fddef39bc664,0.020368300343465873
ck_7e826e233d6ea028,0.003535235843045409
ck_62fd7eb46bee9210,0.010131299761213974
ck_206f8e3cd72768f3,0.09521793268203411
ck_aa295a11b0a6ab36,0.008214031845040342
ck_9a56739d81f84a53,0.0020576615646527435
ck_aa075c418ed9fe5a,0.007491428232869618
ck_62b9fb3db284941b,0.015968114440791666
ck_f4f83b1403ebea46,0.0450904904834161
ck_16b66bd803288bc3,0.5585988489407496
ck_c4ca1434f3778f1d,0.9952609916190296
ck_1b823610371a29c0,0.0038359635426826505
ck_c2bd5a722aa637d9,0.0037612037305237134
ck_7890208951df34f0,0.014980640506779566
ck_020eb0e454524ecd,0.002420984270283222
ck_3b66196ccf436c35,0.011197684901900606
ck_109fc467ec0a4af5,0.044347408613401355
ck_f3dcd818db92de7b,0.014202531323733919
ck_31e7742f160980ef,0.0124629023760021
ck_77fce5f86f00b8f4,0.5249240662491579
ck_46bc797b4d07d607,0.001720941303268874
ck_37899b1b571b1c6b,0.007981677685583687
ck_ef8a6af43fedd464,0.0015205888846546022
ck_bcc8519fe8521038,0.024259196561765187
ck_90696b7182dd9129,0.012105223520212482
ck_4a24ad61d017e1ba,0.03450917584214396
ck_0acc3d8c67218b9d,0.002440721657968578
ck_05c97fc9de11aba6,0.22981679123551085
ck_f8ac3a0500c0ec62,0.009143056699352442
ck_617b65141f546a1c,0.004355786744517832
ck_9d00823bf60388d7,0.01757619306798087
ck_123c15d93f1840f2,0.10997093214628663
ck_573feefba6bf78bb,0.06197674882787846
ck_b25657bd16739036,0.011852515593801799
ck_bd26d2bef14a8597,0.013398892915606121
ck_a553418f2fba1440,0.015185921417020066
ck_89f3e380b0686963,0.01133137021416041
ck_b359192aa659bdce,0.035883289239644095
ck_02241f3dc301bebf,0.01964388390098363
ck_5ccc1a1c78cb33ee,0.08829048261008253
ck_349cc5edda1b8853,0.016686899671177854
ck_e9f228845bf6e28b,0.06076016137937213
ck_0a45d033d4e280ea,0.046435250126764055
ck_7e63168dda612235,0.00203499543001374
ck_676fa5f6aae5475b,0.015462908646842225
ck_74b502b20690ccfe,0.010311475238171552
ck_073509af21dd7f5f,0.6161536008413975
ck_498a0acd450944d8,0.001316747484393074
ck_7f15b50b29dead01,0.027549027067619806
ck_8089fe7403c5f537,0.00688893147370827
ck_05b2b04e11d9ae9c,0.012541759805800816
ck_31e70f2f04b48b88,0.0011610118234604116
ck_994316fa5a02b319,0.004307826034197259
ck_b76510998b9a2260,0.015089348284257013
ck_4db95c310e105d30,0.001928939609926791
ck_6f730b77dc6cdb84,0.008589104463878257
ck_2493ee8e7b91d304,0.017501792541864444
ck_92d679d6ac7dcdcb,0.09243041152155931
ck_3a0e0200cbb185cb,0.02718409285560281
ck_0b2eeb4e00ff7955,0.02717027288535116
ck_9843d0e61c37ebe8,0.9937927470019865
ck_e61c8721e3ef1921,0.0054495782016293175
ck_2e0eedaaf2980c2c,0.006233933545639278
ck_9036b2e5e9298a34,0.00547844802778921
ck_3265442528d51728,0.15241200493409743
ck_f2ddae2eb1cb29b4,0.004116071642132039
ck_6cfa71d27fc27f92,0.02418544122864056
ck_f3199fbe84a28b9a,0.03021229501884613
ck_b78d785ca3ef773a,0.008152225152440655
ck_374865697f1480eb,0.021227220651874257
ck_06d0e4a9189302a9,0.025217623809719328
ck_9c9884b9bcaa552e,0.16381445716673723
ck_fd4cf578e87703ff,0.03633237562775488
ck_1917ef3e6e345549,0.162105039004422
ck_e70418b00cbbbac9,0.10373991058266444
ck_a60388296a47062c,0.07141901083830948
ck_d598fe8d2c779ab9,0.007389598826603593
ck_646dc03de4c31803,0.9251234195407556
ck_e4fd8cbd842b6993,0.005011284212484036
ck_2225b555aa2a42ed,0.07390644885256767
ck_6be8ae9d78148882,0.008011854514412562
ck_4199342d3aca74e8,0.0786202030263353
ck_779581adb573261f,0.00630800224125702
ck_bb303568b6915205,0.14870454624281854
ck_17c4296276448afe,0.017222511280677453
ck_a60a61ac829252a0,0.0025326322870203584
ck_6ea70950c1cae00b,0.9091389421176168
ck_1abb93f6924645e1,0.016681871922124475
ck_faab769cce19879a,0.0741111070300857
ck_d5b8e74e7ca6355a,0.013499368320135013
ck_f11f7691af16ad07,0.003113265359801634
ck_188fdf2be7c92e9d,0.9950774517033311
ck_4a103f8254b366f7,0.008254416850550186
ck_bfa17a0b1760e616,0.0013311815717896977
ck_a4d7f6a5869d440a,0.9691566214491569
ck_58e20f5a3e7f11b8,0.9068863636008395
ck_4becdd3d2696c7ba,0.007111605522056662
ck_dad5cf32ab9f243f,0.007005170318153688
ck_7d9f73dc7c4f90c3,0.16969802423282604
ck_c19371047a2d011d,0.003453527194124542
ck_247589ff532f7aa8,0.004165055231492168
ck_7a9f241d5f082567,0.003030349304465982
ck_0a2b7078736b4dda,0.005991911290598521
ck_687b412e2aac7eb6,0.05119423073814395
ck_fce0b6855886a0b8,0.008751758447593537
ck_e291cc60920456d0,0.29208028871490854
ck_04219a7ea798db51,0.051879106312134986
ck_286bfd719836e9f3,0.15979312731038475
ck_55efc92394fee232,0.014700990599019907
ck_e36c8da1bd359960,0.03382056498351807
ck_34b0988a97d96902,0.005798746057813643
ck_e0fb11fc9dcb34e6,0.0076489547899793306
ck_bcc9cbc9ed8b7c31,0.007395391763713939
ck_3df8da6f60a89a5b,0.04131590168488844
ck_b1495ee5c59a6b28,0.012664251787588562
ck_58f4c3ac61fda129,0.04246886060566951
ck_735f244b99e3aa8d,0.011560724881396046
ck_6b93bd8abf87b1d6,0.9040991273838959
ck_12107dacc6d05bd1,0.0009663160676422684
ck_f96db2a1f3448d1f,0.014614398975832919
ck_8fd91a3c99e19097,0.08618442542790435
ck_910205d25388a0ae,0.0010502993364531817
ck_d229dfa0e4442628,0.0015841655946319262
ck_7cdec61e1c488798,0.07172115033498085
ck_f66f06e24ff32671,0.027794545112385223
ck_350bf14e90b503f5,0.01682931407507345
ck_61fff5fdaadd394b,0.004993956769118844
ck_e934f984bad2ff91,0.5533100870618411
ck_ff6a6d3547dd2d37,0.07596309033003686
ck_65ad9b15979e3247,0.008778630540417944
ck_bbe1a2ea5a403ad8,0.4189890125548827
ck_6f3a28eecd2c4031,0.020529774688550165
ck_a89b66665714058f,0.012678580821601582
ck_918c92182b6817cd,0.012800009412646345
ck_64f5eb4be9e7b8fa,0.1800983829928256
ck_d021fd497ea35fb2,0.006472230468724558
ck_004de16f7d8a42ae,0.011952195075842966
ck_a33d2325f86ab12d,0.005438615882774204
ck_89790ff26c844bc6,0.009435714129560381
ck_e6e7257377c37b28,0.028704759421995903
ck_a2cc3910a641a808,0.8125650777673818
ck_646e270e0195bf05,0.015480213850561784
ck_baba5d66def0d770,0.11174406991656037
ck_67cdcdda3033842d,0.06956331097476465
ck_b5c3075c811a2216,0.017610751525754444
ck_515379973a8044b8,0.004834989082142527
ck_c0ce85fb4109567d,0.060043466198558146
ck_fef850553862aaca,0.0034484763384202677
ck_55d7217b0aff9fa2,0.008190563157603404
ck_8e139f8925ef7968,0.006687799494359481
ck_9e35b908fca1e4d7,0.0022478119123195174
ck_59735f4ab2ad3da5,0.01361540199316988
ck_dc569c1167ccec0d,0.769234697942976
ck_1dade5592f90a15c,0.024460629722783893
ck_793048d11fb8b328,0.1716854006625766
ck_545b71eb4fa594b5,0.0012105569480912108
ck_bd30853e9a57b544,0.010594476820089358
ck_59f46321ecf6d306,0.022980634956573532
ck_260cfe9141d249f1,0.24557732490425135
ck_3365a0ad1a8aa83c,0.003874466284041126
ck_b0ef193195a2138b,0.01106970416666716
ck_0f909705e2e60f2f,0.0026576649635711193
ck_5a540b75c866166a,0.04436730775401323
ck_87c26b2f41025109,0.9805563508215839
ck_27acc9f320cda104,0.07044542892865195
ck_a27bc31eecd9cb9a,0.01799524835265774
ck_115d86fabde77b65,0.0017813974607211345
ck_eeca179341d56f8a,0.6925429950214469
ck_8e5999c436cf037e,0.0010861223079077324
ck_510e7c5df1f95d90,0.9960226508989118
ck_f1acf73363925958,0.02407151518601396
ck_3c177f5970b68bd3,0.011253573449249628
ck_9cdfaa1c30cc9d32,0.0019094296274232074
ck_c8efa1538b37c359,0.0036860896805506944
ck_a8a2e296f9804bd7,0.030154311699950212
ck_91a0ca45f429568d,0.012613001592622717
ck_5fdf8a0bdbd3ed62,0.010245956449887203
ck_0f4e2ec66d50da5f,0.00417823283037673
ck_28c53b214b2ee882,0.3649007391799227
ck_003148504557f720,0.08463699388211557
ck_01d840cffb870615,0.4228814488751084
ck_555848d51f4b5f35,0.027199316331466314
ck_df20cc23b8fb8e22,0.024784584612539688
ck_f9604adde929beff,0.0038534177605261356
ck_d66952b03591bdec,0.008174494857751352
ck_ddcac1ab765ff61a,0.009862013210938384
ck_347386629d96c664,0.010194555857739615
ck_ab01db9117acfe3d,0.004493794298916786
ck_58e5359efc52e0ad,0.006148778854028849
ck_1a524b5cc8da71b3,0.03135748989307351
ck_e9287b6d909d731f,0.006777166236252471
ck_bb41a66e3d90263b,0.2988348729871237
ck_e95c8cc1864bd584,0.0030417597784093793
ck_7a3f2961e9a8b6dc,0.009572675102326565
ck_378a9df82b1e0bee,0.27975192005340976
ck_42633573639a3f02,0.950409015982343
ck_2a5a4c18c2c7274b,0.013489801144797517
ck_77549c1a41f837c3,0.01373090365742048
ck_a26704b5b26258b7,0.01507195379311286
ck_9874ad160efddf50,0.006222616867910952
ck_9111e3a04b14dfba,0.03816940489981871
ck_651e076ee43aea85,0.003825329855808166
ck_391639c0f13932f3,0.0012463923582947292
ck_02dbabda93c8c13d,0.030957339694133
ck_0adcb1fffcb0a34b,0.04094024699499475
ck_7a43ef9c7b1c67b5,0.0031519763582650577
ck_4b9dd69946438d0b,0.010397067913548465
ck_90bf017cdd37b66e,0.06277360484675162
ck_61c74163eb36556e,0.00958353815822371
ck_13376c59b5bd6943,0.0018233373464844455
ck_62337eccb1672737,0.01323806214904752
ck_16077934338472bf,0.0014591637711355743
ck_0d4dfd93086e7330,0.01175482042859206
ck_3865b7525b910893,0.020274263951123413
ck_7e2ae8b69ebd5675,0.0059844548722466796
ck_b4384b6c11766ce7,0.006304827831729231
ck_3d7fa32dfb9fc692,0.1106552709056958
ck_f4a6a7cadd6e0603,0.3846811353672086
ck_212525e2828a6c45,0.007668392445945076
ck_33ad8d53394ba77a,0.3314848486097333
ck_a5051eafe8b51224,0.010561768299178176
ck_f65e5ff7da565f91,0.004852532771794895
ck_5c37f7563fa7591d,0.014387293627901972
ck_f1e0a006068aff29,0.016669623129591415
ck_c646cdead6fb79d0,0.0086385969503297
ck_f8b3cdffef535330,0.054534615574104495
ck_e5cdbe3aa12c97f6,0.010494549390058549
ck_986e4e61440506d0,0.10727119246428016
ck_6da9c5912e15d9a8,0.0043773038438000116
ck_51d842e6dae74c71,0.0034997500303121693
ck_5fc65c24e0736d5d,0.9065658207512352
ck_babb95a76c69509d,0.03717156775778845
ck_86a2d852a9715432,0.02490095637134595
ck_db4083a0d043def8,0.2225001727674836
ck_96953b8945b7d403,0.004446619769232132
ck_7831ca5c31fb3859,0.15250268115864266
ck_60ac5e5f375daa38,0.0045205576727691725
ck_05d44eb1f5f085ce,0.016404618499447885
ck_432cc19c7eeaa46e,0.02125157463221018
ck_7fc513033af061af,0.07601223289734964
ck_ada6ede84c111719,0.006616992344513141
ck_6343e0d3b1c2962b,0.01402658747841305
ck_010264ae04f2e902,0.23477427733370476
ck_e9dcf535f8c289eb,0.1275889068823846
ck_37143d9cc296e6fa,0.005437735596546997
ck_61fa051192f3e810,0.01944524002451714
ck_f9f93d1d41be1468,0.7162023929343188
ck_c4f4f28457be8a74,0.0014350733457876015
ck_323a71f9452d21cb,0.5939025993013793
ck_170f4688e0acd875,0.09953953250436179
ck_869b1878d09d230d,0.22778685358700068
ck_2f6b33bf46976229,0.002176899876452758
ck_b11e22e75d9b99de,0.002954761117352082
ck_123d75ffb75b606d,0.005755272851186068
ck_94295287a04c85d2,0.2843791423416887
ck_1b0434f096795328,0.0016453216910529943
ck_0a4e191cd0a57ce1,0.0034076857649006555
ck_d2fbd0df99634676,0.030050685577423467
ck_d51df5e9fbbbcc94,0.09818767558771584
ck_2d3d7d64a6f443f8,0.0168293054354428
ck_731943c682c9394e,0.027606921398469045
ck_5ccc0c94e5e1f849,0.01036376258887699
ck_c3476080516db25d,0.017642490893097263
ck_5010ffb1c94187b5,0.0014983464787152948
ck_7ef666d67bc70223,0.050342430219508856
ck_c1b493527224a27a,0.002021432378358281
ck_5d1e25d7acc5af9a,0.007759126988614303
ck_ec30b61cbf517db8,0.0036589745101398407
ck_79323eb5d2e5efae,0.0056675032203544655
ck_4085cd3bf2661518,0.007368733149780488
ck_2ca91214c357c072,0.1881531586530265
ck_7f3132d6be389657,0.060666474050150666
ck_e7a6b925c8f39a85,0.044382589406553305
ck_c886adec7bac250a,0.025669082454325996
ck_c3f360c2d0ea0a37,0.014638488351873664
ck_a7acd5b015823793,0.009930626416373982
ck_9d64187c0800f84e,0.017851011684906833
ck_5d4ed73b9efd7d11,0.007752084229940463
ck_874eca6776b34dec,0.0018469315425720828
ck_96a9221a87be93c3,0.041572082725726094
ck_68dd79a51eabf5e6,0.028048863391663188
ck_8311cb6755b2016c,0.004435319777275406
ck_16fc77b2bcf5ec03,0.9844176513222327
ck_ad9e2088a33c8c72,0.0006170778595775585
ck_7176bbc97b1e42a1,0.002340197819077728
ck_80dfa54b30f65fff,0.7017867959114827
ck_31c54d540b128843,0.004689987180108639
ck_43ea894480567274,0.024588026156780636
ck_9c9e8a38bd5a6c88,0.04348692508430689
ck_1c2dcae19539e148,0.04141181333059908
ck_b0fa8b84e94d8ae0,0.007578798173110621
ck_4ceb43ccd0a81c2f,0.008033505841069025
ck_ba845332b730b596,0.00149886805736284
ck_73d3e8c6077f61e6,0.09864692182022912
ck_b5d0d223ef56473f,0.019290731998214003
ck_949f08f8e80e93ea,0.0018351014559973967
ck_73de0b49709e5f8c,0.0024289190868263238
ck_b5935e9722a39819,0.03187490373933428
ck_96247fee0eb44420,0.007714500541633109
ck_a6def1e4b2d57e0d,0.019935635628178225
ck_aecdc5a96321a2d8,0.014522379228142607
ck_bc61c59970f8de49,0.01769427834607747
ck_c43b4175fc9ac5bd,0.8397606456197548
ck_8ff7a9b23a55fd62,0.005460713623497309
ck_20c99b645f462449,0.004044385513340618
ck_a5ce2ae36fb410d9,0.001941886641949497
ck_96fb9bf556842bbc,0.005725366571335513
ck_b5e4c6dbbed1b773,0.02234629158089946
ck_2085433978e72ea9,0.08362027717659443
ck_2c6b174b063ec637,0.009801588020237544
ck_b20b81b88dabe28d,0.0022513490223176687
ck_243c18dbf150831c,0.0024382125179739115
ck_2bb6a17e8eee35cc,0.05584724831000178
ck_66147fb994495396,0.21345334849154543
ck_73f124f075ede0fc,0.005986556016075101
ck_2e315f1b1e533dab,0.0036391309564280322
ck_16c7bf94ed3e7a6f,0.0005572403469558128
ck_4a0eae220a762ac5,0.019867630778005484
ck_dc16f939c2f44ad8,0.1003724725464318
ck_817926b449754917,0.011369604995138215
ck_0c0dde42ab64ef87,0.017572134483462575
ck_cb3a40594da6a2ee,0.04668323160471354
ck_d0dc156441fcfdcb,0.033202240760739354
ck_66f0945add423e9e,0.010442610332793206
ck_a74f6a3030f5d495,0.04819203273937293
ck_1ae460f331e49ae2,0.029417036115382805
ck_2d177b2f4f0b40c9,0.23829872591631246
ck_92e474e4368c4791,0.00894503680336155
ck_3dee83fa2d109484,0.0010951217927919427
ck_80e5ea27848069fe,0.003350780563501241
ck_ed0c4a83701ca230,0.014542139914379542
ck_0b8b7c5c581fd161,0.0008740857777616926
ck_60bf8a2870956fb1,0.011321679446046621
ck_73a54b56a2bf35fe,0.8895559857479672
ck_2296d7a563424883,0.009132547446695689
ck_bc19c383560c7477,0.00964742249781663
ck_861d8e3d88f1079e,0.15237374604481982
ck_3f090fc96c24eb28,0.0012308571919526189
ck_9a6a1f8102febfca,0.0179829063988812
ck_541b6ad5d2fa5a39,0.010316836399008694
ck_a760d38d1bc4de97,0.0035418398583098075
ck_7dca4d7ee10b4eeb,0.002707595733783139
ck_15220e78d1545e40,0.01995437208433421
ck_ca24bb0de508efb0,0.005448159910024832
ck_56b389627d8f02c5,0.9944073370101347
ck_48a6754977a44db0,0.009141798059439328
ck_333a43ec339a04cb,0.05420902018169771
ck_f22aacaf86a65d7e,0.11664911074072773
ck_04bd8a1ffaf3ffd8,0.0027407783754896087
ck_2737a72de6b700f3,0.08571111791854712
ck_c35e03b0dd0c3454,0.010340234619603084
ck_e0571312f395cd94,0.00959855265245992
ck_09fab6b9825001b2,0.005141241625711237
ck_18c3a095606209e8,0.008687258347395158
ck_2a97db9377d01e36,0.007029615976145272
ck_f29dbbfdd2786bd1,0.008998423927972869
ck_35d6c510ad29362e,0.24348987433550773
ck_5468fa99c945d785,0.009181169945632523
ck_6f8102f62c876cc9,0.04365025806829734
ck_91955aab3424ad16,0.006215155473281841
ck_9a43c0c73a39d759,0.04356129470007132
ck_60b023af6d1e30bf,0.8904972726765985
ck_9704c5cf8659cedc,0.024433829186104525
ck_7e5f02b51b9f78bf,0.07292679509001833
ck_7d3a88d1aa649708,0.8487008815442026
ck_8250eddc1ecb07a0,0.07252151668155671
ck_d979ef95ee44023d,0.019744326494750494
ck_5e5461dac83531ac,0.025205539481940764
ck_d1bb8890081e0a31,0.020518282178497944
ck_32246c62640648d9,0.0018801338580420484
ck_77a40c7d2f862a32,0.04072720075633788
ck_1c8b94efe9238f5b,0.004547011026879534
ck_eaf3b6d11bc3cb11,0.0018869215773901888
ck_a4a7ef3ad799c380,0.010006368232748532
ck_d5bd8f68da073cd8,0.006201451929684985
ck_6e6258227fc8db7f,0.0011087679553625884
ck_c35d444e05799db6,0.019248578371363994
ck_74665e1209140ae8,0.012427444152121115
ck_353a272478f7e903,0.008662109141498887
ck_a2c9796ea229a4e2,0.0027985913776056356
ck_e0171f91cb3411fe,0.01159556888804791
ck_703499f5410280f7,0.0019182408291220844
ck_ae3a763997f8f385,0.03743795516988189
ck_f7ff94c3df5ac874,0.013586895557706886
ck_f3c16d8f747db046,0.08168865515254005
ck_7ef019ed77276496,0.0018346965665694273
ck_d6a4faadab58a3de,0.003726408760904107
ck_ba7b78d31d74c794,0.023641677832789997
ck_36287d063350ce9d,0.003163225026250582
ck_5177fc7137ff26ce,0.002579418233077949
ck_dfd4e79aaa967b63,0.01011285990897882
ck_fb44d15fb93a7157,0.03143685925460318
ck_fca478361870a4ca,0.05488838496641401
ck_e57b94fe57341058,0.012326613216650368
ck_5448c946cc4758fe,0.007126420246616628
ck_c5ece5ffb8800ad4,0.024079740502837448
ck_11cb98211b2ed134,0.9628629868513274
ck_f655399ac75c4450,0.01406627041226524
ck_c817259019588d30,0.01922746487494289
ck_8740a14d8096c6e1,0.02674475998545756
ck_0c5ba86f4e05b38d,0.01126571585486573
ck_ccc917533d4b73d4,0.019879947349508986
ck_9eb80edfa43203de,0.010210157938870396
ck_d1a1cf4cf61d6801,0.030905765624431845
ck_b17c239f160e6017,0.00916800114531896
ck_410c3e13b48e0415,0.002296427335494945
ck_ab553954435e8854,0.8129554970999251
ck_bdbb4230c91e1604,0.04458152833946106
ck_8fd4937eadd64fb6,0.0039388256654975615
ck_e0e90b196bef3c11,0.0013982083617548062
ck_3dc4d464386f0eb2,0.09651170357181159
ck_51bbbf8f8e8ad005,0.9971083178102835
ck_c05737ab74cf03c6,0.13537716816400225
ck_dceabbe04d99afc2,0.0018632447945039357
ck_5b86fd14e85bc9c7,0.8744452788759933
ck_d4febf0083800424,0.025138403506947116
ck_77d9f86dcf251739,0.010799056787720748
ck_b4dcebc543deaafb,0.06528200678376712
ck_cb856e75c949b0cc,0.0007110818676478835
ck_61b067de8ffc1ca1,0.017560055974196527
ck_c0e8560ccfd9dd9d,0.006499060280871968
ck_173e1198c341087b,0.0049516224838587935
ck_b4d55bc809000276,0.009926856445896724
ck_839bf139296b5cea,0.016445032338253254
ck_78cd402a2a4f2e35,0.0021871191484274656
ck_c2925c50ebacbdba,0.005868056144674353
ck_5e3bc76eddbdb0a6,0.004453909555061473
ck_b7793edca26fc512,0.00828173574584047
ck_d79bdf04d6f31cd5,0.003916840512014777
ck_4b97d19ed946f503,0.011850297860536414
ck_37139b41c5370523,0.085874357557545
ck_8c346eeefa9ce692,0.014211995283202277
ck_2ab7eddee2d8c49e,0.007778926169051388
ck_29da59ea3bffb9d8,0.15949561915988147
ck_c1d05ef0ec6e4be7,0.005311192874960267
ck_3882423b449f6291,0.952189836873076
ck_5647030283171ed5,0.9090453187563953
ck_efbdcd9c181e72ca,0.008628698388708207
ck_192fdad892782daf,0.15811549887650972
ck_0bf2e13b9f2601ac,0.036446743336264006
ck_3d6046a533057795,0.009036657336050998
ck_279a1d3a3836e5cc,0.005016643254386883
ck_c375e929becde422,0.012957711096569915
ck_a59e90219939a1f0,0.006522355049369589
ck_4e9fba1ec54c3ff8,0.025296045674243324
ck_bcbd8588a13f5eef,0.0009973721967876975
ck_5f9a7ff990341bdd,0.0024509400791958855
ck_e0403d507519b7d2,0.008794140518651402
ck_c9490cb61aff5112,0.03241583488129072
ck_41dd44308e6a665a,0.31915340178290386
ck_76c23726cd7ca947,0.014350403861485766
ck_9be551300209fa83,0.006725760597326646
ck_a98848eec6c9581e,0.08317427037419221
ck_61176dafb33b2d8a,0.854902936513067
ck_92de019e05971ce3,0.00894942851118039
ck_5d644224135d7c65,0.007726572517070709
ck_c767fc454fa215d0,0.0032646526142387504
ck_5df85a8924e11f27,0.03903271340518171
ck_da2729307af06ed5,0.07067510702747046
ck_7c6b577174af7a78,0.00828372942813543
ck_893b8afbe11301e1,0.00854897626684069
ck_e06f6fed020ae014,0.015189804027265833
ck_386680372fb54857,0.003926094325553982
ck_7a7f3c4fe0c9d2ca,0.008089351144282447
ck_f908b527c4db422d,0.05805190026271509
ck_ec2eee6a133e9a6f,0.042290467152589634
ck_d98934f9fe0b02b3,0.003512821569911393
ck_398a1ed77b0130e5,0.006771985111288767
ck_d960af7a55b892b1,0.008017803249771431
ck_4637e54a9f79e2e7,0.0011778090384056536
ck_02b9f418524f6650,0.011947010801823981
ck_d4b23804cebb045d,0.009847469888438378
ck_35b1939c48182a9a,0.01512526176335101
ck_2dcbb71e39d64305,0.015635931147414177
ck_47a884dec960ff2d,0.024920039396740996
ck_71fd8c346fde5cca,0.115755701016448
ck_98e1992ac8e7d2de,0.050092440854634164
ck_ae7780327e210522,0.016841190305988293
ck_e6c584b4b1ad6d9d,0.008819255260723443
ck_344b2e326a6c3dcc,0.0022592263904416816
ck_9aa899a5230b0963,0.01628591964750175
ck_e48d14d5b70ef5aa,0.02522018302089155
ck_59d380a0973b3951,0.011955789152070179
ck_11318f7c041a5ba9,0.011090152599817457
ck_7061786fe2f22f5a,0.014049359655675032
ck_e77529651c416cf7,0.00988207201996385
ck_7f79878197340435,0.006075513452576195
ck_b0a0fb0ee9ebf106,0.006910724921254797
ck_70c7679199776a90,0.0228073658689916
ck_b9facd2210daca5c,0.1657822074267917
ck_9949f53c155b8dde,0.008639466996080506
ck_1c607e24f2c4397a,0.02452588298891786
ck_aefd1ce3ce093cbd,0.0012908103538962134
ck_5a29b7018e43280c,0.004291799866140455
ck_69eb0b2ccfbe5f95,0.012061419689267378
ck_fe037765aa465c58,0.007537126119406838
ck_5e512ef5362a3dd6,0.008140226905414783
ck_544a9e80b7fdc279,0.0035308628353531266
ck_7825494e654d5695,0.019560243305416797
ck_f1f2c3c623553f0d,0.0007642977307019059
ck_52730906e5b461eb,0.8479565721442717
ck_01e0689157fe9617,0.3954809403768224
ck_9da82e567074da9d,0.026264633615468744
ck_6a17384072f904c0,0.05712923387493155
ck_8d84d771a21942a7,0.0011499290191933575
ck_39638880292782a7,0.007155575040236415
ck_7d51c86e0eec72ac,0.009141736888535389
ck_45f4c821c70d134f,0.5138813941693174
ck_0af3c13ba56ce57c,0.002846703565718951
ck_0789a05e061b2784,0.5502381599406364
ck_6ba091eb42ffa9fb,0.12441877841943078
ck_265accb3c5c32620,0.17700863454451318
ck_179039559ff7566c,0.03715580574321624
ck_17c0a6a92b5765cf,0.011491759605977323
ck_59371c9140239fd7,0.012954153271931218
ck_f9c4f8b4ce2691f0,0.02167748926211353
ck_a2637e4872cf4811,0.1575842722873808
ck_1de43fd6c6c22a5f,0.19742820973662564
ck_6e4f31bd108571f0,0.003160729765509126
ck_da06d97db0b18851,0.0025244301358946573
ck_e0346d5081e640e8,0.04990661644388251
ck_c1c7d4e62c9fcded,0.11704531888875389
ck_2595669e421299f6,0.04449691784357673
ck_3b6057d51fd4c7d6,0.004778096585700281
ck_c5f8ab515840a0fe,0.011199265454839775
ck_435cb24538c6f77c,0.07934207190101346
ck_d84b5403da4cea7b,0.011671688471124727
ck_c2b61a98d1c8f6dd,0.8710463753749785
ck_c9dcd92b2f836b61,0.11308991786387117
ck_9eb5b3f5f672c2b1,0.0010439798893131086
ck_e4cf189a8d31649a,0.006206081677291385
ck_6b114f2a48152b96,0.0010240412140583306
ck_3fb95862b70f505c,0.04429150712680698
ck_7f780f465c29398e,0.007701005575617705
ck_ee387f9da79e67ea,0.032920863079230964
ck_fa3b1e85d27af2ee,0.08311495133815028
ck_e739eaaa7a1822f2,0.009466200638232855
ck_dfa0ac11fcb1dabd,0.001981908665965353
ck_6e8751b571ea54d1,0.011837773908234683
ck_2d695f8358383092,0.018375393534185765
ck_e7dce27edb700f27,0.006886432033912836
ck_e322da8b213eab52,0.004494647011327118
ck_d0b32e039abb8200,0.013613248325499155
ck_b354003302b272ca,0.009513907767165868
ck_f7485cba392bc294,0.4636790832997213
ck_d6a290ff8362c7b9,0.16333502648402182
ck_c56a44fe315c0389,0.0038746617014521895
ck_f77dfe6512eae322,0.026812340808900877
ck_35fe969c58b9e70b,0.10460510768145093
ck_4c518637db2322d5,0.11929411637261712
ck_cb61902798ecc4fd,0.054499383024977664
ck_56e6cfa32156a916,0.007739421263358288
ck_343e6ed2b9d35c01,0.012712001997976867
ck_51440f64f7250ad7,0.06830168317049236
ck_295bca29c34cfe2e,0.03998874190247803
ck_dd30558576b45e7b,0.01532968371303535
ck_3a30132a57181fe3,0.036568888349401356
ck_4a733aeb833406f4,0.00933675302909389
ck_1b0b7c3d35ab1259,0.060048020765729786
ck_962c3bbf27cd4b80,0.06293355787439842
ck_9528e1d6b1707870,0.005584278428224776
ck_b3263e7f31aab45f,0.021230414198839264
ck_e69195a3c885053d,0.0016098135573947149
ck_a907fa8795cd4baf,0.0021343309303448817
ck_205c3405045bd835,0.007056215013963227
ck_e81fc223bed3c46a,0.03400636426537937
ck_363751deae40edfb,0.12767342951798927
ck_6176baea8cbebbb6,0.006213847981996693
ck_633e6579f5c74a5c,0.9474871356029247
ck_ddc11fc481eef58d,0.028970269563417445
ck_e975002c979e12c7,0.07106579592936907
ck_8e039b23acaaac00,0.07279108616496531
ck_1d6990d94a4d2ad6,0.020160409277201252
ck_e7b583acaa3171a2,0.09193614804738448
ck_c0133f60d39b2fb5,0.02951858774090463
ck_7d6bff85e7a694bc,0.0029405445088697348
ck_d305b4d82f63f647,0.004684261982658766
ck_22bd0fc71f95e048,0.03874019361080087
ck_9a65fcfc7916f93f,0.002283093509140413
ck_d61c837b0106085a,0.0630343841414557
ck_be86a1db08dea456,0.015188591560501603
ck_90489c405e6886d8,0.001584233710762536
ck_0add2c321d579d75,0.039282769682870936
ck_482dea6eed92cbbc,0.011206193536957015
ck_c24b47184534cc2c,0.996570091672267
ck_fa04ac31e596e7d6,0.01013593811601525
ck_084322dc5a3a86f0,0.002933168067709037
ck_ccb72a33cc1877b7,0.01305304627656469
ck_afaf374009d3b248,0.00985687074573581
ck_b53084ffede19a8e,0.0026020417226347266
ck_4760216154c8cac2,0.8629527377684068
ck_37ad3a65db673e70,0.002247769585628532
ck_0c2932cc0d553694,0.014526693865914313
ck_86b853c52f20fef5,0.004066879561826201
ck_38703b7546d35a80,0.020772691330655818
ck_218b7e6e6dbd2da0,0.0013791354055134586
ck_402db4184982fdf5,0.023399958182282556
ck_f917c82af80e4a79,0.07080355006413956
ck_3c6417a233c68c73,0.11347532211792564
ck_98068c397d70dd3a,0.039885059489372945
ck_b1cbd6679c0f8d95,0.010288368988359784
ck_9e962f9bb0e7bac2,0.011305305684028495
ck_b08247c3ad567d92,0.5995563983884975
ck_3ef7a03ebb81cfe3,0.001555925991764964
ck_5d7ae0e3562e99bf,0.1178964950729769
ck_c91a628236baf91b,0.11056408714879357
ck_7f8e816ca51755e3,0.8936604822307251
ck_5aadd286d188f5c3,0.006804995092700606
ck_a037aff5f8128c73,0.0043054864559476285
ck_5df6529ce8290906,0.014065140571144174
ck_5f3609511443e5a8,0.0022253768114412547
ck_a6f61864fac3c8fb,0.009050304764290439
ck_2733fc6ba23ae46e,0.03074830461513951
ck_22bfb9246646eb41,0.8272862448261435
ck_bfc2a57d8fd1610c,0.22421411240109412
ck_49839e761d0e74e9,0.0055214832216046485
ck_aa4ba931dd37481d,0.005701665437968357
ck_2f9fa0d61829f815,0.0099263562538506
ck_5b82c774df10d49b,0.001982690762269673
ck_411219470d0a195c,0.009288685017377363
ck_d07485ba10514a2d,0.4662125302208397
ck_219bef979ee21bdf,0.002738835676438815
ck_eb1006e7285184a6,0.024731255653641357
ck_fd242b18575e3063,0.015072822297238208
ck_95188150ff059c70,0.025883533446716674
ck_a9ca2f447b984a6a,0.011091907396962898
ck_2dd39723c4088b64,0.009175968263494623
ck_aa2b4c662ff213b6,0.025199239554997123
ck_1867b1199c864db5,0.03659932332480238
ck_850ec97a5a0dab9a,0.03048543506153294
ck_562320295fa35875,0.005602656295463866
ck_bab5759b07fe2bea,0.006697908089988451
ck_b9f1465d803e57b2,0.12099942160946785
ck_8f21f2690c32c691,0.11229235616801593
ck_df87d6f61a63eb21,0.013674739729114356
ck_770475876d0e7e6a,0.016294137132956438
ck_b4c014d5c0cc9eb2,0.008420311619757754
ck_3add4d23124c9290,0.00526119671854268
ck_bce5b7fecfb6264d,0.04025444764803473
ck_604c17cb97dc89be,0.03963973186875514
ck_e52cbcd9aafd26b2,0.005453200777912545
ck_0ac9114076f5bf3d,0.012141710175820598
ck_dcc125b178b79566,0.0011865266300154574
ck_4e333c09f0c37dee,0.025013938475817815
ck_ff7e31ff8ba731e5,0.011079426215292048
ck_8d0532d24f1070d1,0.0011486888958594339
ck_3689fa41748a6f6b,0.12593590900244345
ck_7509eb97c1948b16,0.005053559135462551
ck_a9161cf1ca22a6bf,0.009458138279064787
ck_bed3e3db135b782e,0.05048224057222585
ck_9040edd974ef8e3f,0.6131594805968366
ck_fac32d76ed40f683,0.025752296977477405
ck_3d7b1078e2d57c69,0.00890643426966915
ck_dae09c4e074af5dd,0.00957125197232188
ck_fd84507228467b40,0.13137068457754816
ck_e2a2ce9b8cf44c63,0.010448849998083263
ck_cbe716f351d660d4,0.0039557323467732455
ck_cba4162ef29a6d27,0.016671447081015124
ck_4f1e962ff8a29732,0.006240243266803104
ck_39a81899dded61e4,0.006084408366312256
ck_25382331551d22a5,0.09210994675688375
ck_6d64e1c07b19856e,0.0025918937445739035
ck_165a868bdef28ad3,0.061819289827674505
ck_88774ae52e30e877,0.02337649580956988
ck_fc7a9d0643570053,0.0012537751398952186
ck_c2017120b3b88a46,0.010788082842462868
ck_d115ac6b9fd62a7e,0.004506156010289227
ck_439cf7d51ec7de0f,0.005937156930031566
ck_2468a7e9e68a0927,0.00578684491389639
ck_7c418947124dee8f,0.06127491131329269
ck_fb0cf32c4a56f740,0.016536692244430287
ck_694eb6c43193afd4,0.020433363836603713
ck_993beb188dd4abb6,0.00618972394450694
ck_77fa39d3b733c226,0.10574032590061816
ck_49969a9abc47cb69,0.017071308696291542
ck_d3f44bbe2f7e9b2d,0.025587774784939808
ck_fcf5b8216d0c18ef,0.0020796242356618242
ck_daefe1e2d2bc362d,0.0025441347034141676
ck_9c9287cb28950eb6,0.004615709077025364
ck_c1d1a625b885a975,0.059411115395318584
ck_71b37fe47490b4ba,0.004873123983797824
ck_5d16e257c0635f7e,0.3834692733735655
ck_15918075563eb074,0.0016397763921167708
ck_9a15fdefc47e8d11,0.007279145149325736
ck_6f04d047d1dde75e,0.000965563382311091
ck_1af2c0b3b8d202c1,0.004932158611894831
ck_174be2231c5fd2b6,0.0022858330018691937
ck_bb0713a2a1d65982,0.052202580246271536
ck_0daec63bd5b0729d,0.01917250398337379
ck_c0b5cc3e8ad2ff44,0.03168634854831222
ck_35bee1fc12664644,0.31047463812853676
ck_a1c7cf63467df4c2,0.002102635571175696
ck_ecb1e15f0b185ceb,0.10135275903589613
ck_f280d31f54a4710a,0.027816615835348696
ck_30f4b2ee8abe1342,0.022226769934624743
ck_66bed631354de5b7,0.013782027556419208
ck_c2d3ecd7278eba2c,0.0025178127404419954
ck_e901dec0e09eccbb,0.0025188469555195866
ck_5d038ecb3c8748a3,0.0062323359286677845
ck_283c5bea94b21e80,0.0035308366574851964
ck_7956c251b85f009e,0.7963713327369594
ck_9f5f81d771146aa1,0.001214680783420709
ck_9323e6fc1e168eda,0.8956150074676446
ck_10495d3a635b8d69,0.03333965440911495
ck_1982d571cd36eb0c,0.010184807296773714
ck_4f5d7985bcc2eda4,0.0036754907602097892
ck_7df526b2b4410bb4,0.03235572682902816
ck_dbb498b1a346a402,0.0028398846316786625
ck_ef059997563e3330,0.006570134107223222
ck_02ec4e06709e6b82,0.0016520566522923055
ck_9782c86ba6485f88,0.002180260145691293
ck_d69de468b44143ca,0.007197039892187427
ck_6430a8792f400e0a,0.002929376058509524
ck_8285bd3c90af94f6,0.01632348141498542
ck_985c9ca112000e9a,0.0174264654856449
ck_e679fbf4f4f4aa07,0.001929496605445423
ck_016e8c8eaf9d511b,0.03805906954638509
ck_bc996c523944644b,0.02479416852196198
ck_5b8315726f6204e0,0.01630346452597343
ck_78181f8e998e442f,0.0014442611623775694
ck_71c68dfd011dbbbe,0.6547260548108058
ck_db32c95ce2b6f502,0.8906838373574015
ck_755010362a9b1bc4,0.0016151284854001129
ck_114141d85256c9ff,0.000910605416613403
ck_9d1a5cf5a3b87e48,0.011912893832780531
ck_ab640420858ab5c4,0.256160545007748
ck_97a8dac48dd62488,0.2726569280440494
ck_879cc3166fe1bada,0.002598406664734477
ck_b0ed11080076e381,0.009238979014362098
ck_7334a9ec656263b2,0.006255973761272053
ck_6494f0ef13ce44d9,0.009106232992366159
ck_724e459b9ece38f4,0.0608741803927034
ck_7fd8b1470401695f,0.6570820008608
ck_292f81186358b0fa,0.00727288605231315
ck_fa7de64d37287615,0.032958477044673674
ck_d00e09e66ed6458b,0.09990612380096207
ck_b8d210e741be186e,0.003662700130558502
ck_3db59982cbae4410,0.030331973237337627
ck_69887d0a9aaca6df,0.0015991063361772318
ck_4feb21e2fb0b3977,0.0023705549888975463
ck_08c6cc1e143475e3,0.004123809643961557
ck_fe6e168cdbb46b9a,0.0943819752117407
ck_07f1734be7fac56a,0.05295909552111315
ck_d66d59981307db93,0.05363740123876017
ck_f928dba0d587d7c1,0.001509899873398432
ck_786448fe3004cbd0,0.004529166815867051
ck_29ea329fa40ace62,0.015513297304536329
ck_7ea52b6f27edcb73,0.04049983350601946
ck_18bc51bbf3ef198e,0.027452067871837158
ck_44950df09ff14ded,0.001364284870047223
ck_c1466b52c0a10b93,0.01167406940344353
ck_6cdac067cc4db5c5,0.15960415227176353
ck_53f55c6e8cf2d432,0.0016174903016340622
ck_95945f48453ca532,0.03490656308597396
ck_87cce4126e215153,0.008306261145566297
ck_1ecd5516c92caa4f,0.0012365553242343424
ck_819b482bca14c068,0.16844415143989105
ck_a61a879dd46fc9f2,0.009595032138136542
ck_af70aa32c009c3c9,0.013607210457600934
ck_f4fe78e249092ab1,0.025540529051430456
ck_12c46bc52bf45b36,0.012047504383314653
ck_f05f5e4b40afa52f,0.1269064971620913
ck_0f8cb09d3f4fc980,0.11504173513822118
ck_80a64a7f0275a71d,0.017681020758882726
ck_683af7b1540a0b22,0.044983415400557517
ck_51fe0b613c076cbe,0.006157761857666053
ck_da1a2450219dcf19,0.035755650350731465
ck_2a7eba01ceba6c2c,0.04877077066008938
ck_4e329e29dfa743ea,0.4912625035271835
ck_0274d881d6db82c8,0.0034079162564606483
ck_0af5b7d128035b35,0.034654095690048126
ck_ae0a7be6b0a0ea68,0.015519963067597587
ck_de5bb7a4d091386d,0.32790698852920186
ck_2bb7c17168a9d17d,0.0073433186033950385
ck_0ffdff7b2f5fdfe4,0.01646534024703871
ck_718a8390b3d42d7d,0.008610608974373723
ck_7c4f12d70f184533,0.0016484132482096586
ck_d3e2c26b8adff099,0.012608976059649968
ck_ac9d3d9754104cf0,0.0020346660845366625
ck_3b1766a1d51f8f0e,0.2099668263051228
ck_a9bf75bea912027b,0.04002574205788045
ck_687eab3ffe1f8cfa,0.024255726765358903
ck_25dd0b02af5b2f37,0.0833940805889375
ck_1747fcc466f0ae38,0.0007839741780746114
ck_f6e9d14dfb6f3c28,0.0325771096284217
ck_c6a7bbd0adc4d5f3,0.03121581233213205
ck_46656a23f4456d22,0.8671211011392808
ck_7519260415c2998e,0.01766303610898229
ck_754f30ea19df857c,0.023852398085318437
ck_ba88a244d5f7380f,0.013867962454211156
ck_f268416945316815,0.006351263321653203
ck_21860dd2159dff28,0.0030341418937227843
ck_7a86ef4e2beaec38,0.0016064787955198663
ck_0414507baeea936a,0.0181916010489745
ck_60796eb60fc3043e,0.0030714581606128793
ck_1e0841ed17fe0562,0.011286993313430266
ck_0d641d32658d6e0f,0.004718050479504656
ck_b36086ae6d87eec1,0.0057933131161146114
ck_962e65ab33b5c311,0.9110023207271276
ck_b046a42684468e63,0.008032793170360479
ck_ab3426435b0017d6,0.02372185013930803
ck_fcfe06e44d09a344,0.023593426168878488
ck_0f6d916c92189516,0.028284239962460447
ck_d4c8f0d957c3965d,0.015219479309980608
ck_2ca83dbd728af019,0.0026538272362747416
ck_2857a4ce9f72fbfa,0.0020984951729696344
ck_a60e6edc48e3d0ac,0.3976193217279532
ck_0cbd3b27063d4415,0.07859644725679653
ck_612089ec90c37219,0.017387307797993055
ck_ec4e597f17f473c6,0.002642608644876629
ck_1c93cc58f314bf71,0.032931441244597244
ck_2b359a979520276e,0.005410623166999002
ck_1496568ddc3b2d56,0.012667921651454337
ck_41d91dc9f5063566,0.01754760841151037
ck_4c5ff58afe3d7a67,0.0027789238956294916
ck_81709736281fa3eb,0.0022249604028671734
ck_d89abbab3d4957aa,0.008427944488529047
ck_52453401f88935da,0.027185531510163334
ck_a477654d34783e06,0.0031921909826006373
ck_72dd0dbdf808cb00,0.02567578363679108
ck_c183dff3781746cb,0.12680539361426085
ck_c8b7f241810b45e5,0.0009076916503685367
ck_f88028c3f306bc70,0.02731610241408451
ck_91d48d69e4f5d9c2,0.004068355071202294
ck_b74b9ba6d7c9aab7,0.11297290584996775
ck_03e904682dc73bba,0.009407669338678655
ck_fc6fed6ea96a004a,0.006113244930581515
ck_51efdd240e34c642,0.07143206860229413
ck_e78ab4ff52b5fd2d,0.004569066095929718
ck_4af7b97c24d89a45,0.04830919500644428
ck_295c0072eca7f7a2,0.00708221779354378
ck_8abd1a50a9227463,0.04127483305152286
ck_ecaa6f13304e3dc5,0.003018981077347755
ck_de436e7b319be1fa,0.9963362056568631
ck_c802cf8f61466027,0.002596557459765275
ck_3d83e0a3c1cfbf8b,0.014071870042415708
ck_28d2003c2d16e4b6,0.0011474555322741407
ck_8ddaf745bbb9cd62,0.001084529888928476
ck_493b6256091014cd,0.04649159832351512
ck_a2245822cfea997d,0.005150495178290939
ck_f7305b3c64cf8a03,0.2026734252033488
ck_9937dad93a0ed3c1,0.007802249977264315
ck_d654449f9231ad76,0.0063327109458179405
ck_850e2b59bc535490,0.025604396902381973
ck_e55e5bdfc0242aef,0.06534309837579529
ck_d35c51e981b98c5c,0.0032089700133100534
ck_27cdf9c5e6f0915b,0.015353712048492955
ck_d328db1e1052d820,0.023076799458021834
ck_0ea30eff5f361cba,0.0040289334688289186
ck_9994323f97109f4b,0.9904067358636702
ck_09054e97bdf9624e,0.002661714574410698
ck_723b4afc388113c8,0.0038743552371868295
ck_588f6e6a6a6d93e8,0.013870895753120999
ck_e1d563fab4d6116a,0.012423689456748911
ck_53aca610e20598bc,0.011460704676607588
ck_c8131ddc7ed33448,0.002452056326357719
ck_899f88464305824a,0.049441062060763145
ck_1c17c65804f8889e,0.00610670413218285
ck_45a16ce12893cf9b,0.01698668839192098
ck_f9d481aa4f9b2808,0.8866593577363213
ck_1d5d74169cf892ef,0.01811618176806447
ck_aba32acb61c1aaca,0.03034609805158351
ck_ec4dd3675a8d28cc,0.008705804273523025
ck_5dcd443fe0bbdeac,0.003972264287114209
ck_3a47e3f54475e854,0.00445654632892622
ck_a9aa5c344c315532,0.011603568237871615
ck_9652283c9f61fcec,0.0009302643643192414
ck_752dd3d2487f78ea,0.008193844359790087
ck_a821980ac4db9943,0.38075330390396206
ck_93e0d6befb67f7a1,0.0229244536596515
ck_e7a3881c3e36bd51,0.5150850472193252
ck_12631b78f8a03df2,0.0013869228399224316
ck_57b8226610b48854,0.007522733503579536
ck_352657008983fd4b,0.04490893341318467
ck_0841a5c24fd3dd28,0.022248867624035697
ck_db9b9d5d30f74070,0.10946087784777402
ck_a9dded7f6294e44f,0.01784873215019491
ck_91a16336ce3217dc,0.03344754451976043
ck_371bd9388b287677,0.0018398175435204184
ck_f285e5e1912a7c62,0.005172977589447137
ck_368b65fca69fc415,0.07004863119677543
ck_d27a73596b6500c2,0.008241666630863662
ck_2d963f9b2c4d11e1,0.033301471159119356
ck_7c500e219af39486,0.01009374986533368
ck_7d025dea5951cba7,0.01083978033531407
ck_32f632706608859e,0.007100249757814124
ck_53816231f3ffb48d,0.009839971304683412
ck_9dbe184e81c1ca8d,0.15584595720761074
ck_d74123617f22a21e,0.0019793869298262872
ck_275386782b1606f8,0.0023462310711634318
ck_0b0e79d33e50cba5,0.006085868654448911
ck_ba93cb604f792915,0.030300084495625376
ck_a86cd653472eccbc,0.010819079927468906
ck_87771861e0447210,0.1543211737575781
ck_212380e0371d8a6d,0.02302963015286987
ck_ef0d702d7b0ed745,0.002003957687123912
ck_2b8f33e22f939372,0.8371291261287006
ck_480347ad92037105,0.012062398265904824
ck_20124c3a16c53ce4,0.024584999783287917
ck_c9e1e3229baae708,0.013527741344261813
ck_b1befe967f7a5ebf,0.062435622751379136
ck_4672167d7c989bbf,0.09115631748748167
ck_f0c44ee5e3a42e3d,0.027503080771915597
ck_c416357d20238a4e,0.008779218429395956
ck_d0f470f8078c91df,0.005245358485135499
ck_3a70b4ee59084715,0.006210469472728398
ck_179ed66cdfc1ce27,0.0031437777825791295
ck_387e5a7f163c7837,0.015565074094665055
ck_08fb463e69f647c8,0.9921233646414395
ck_732f725747393ec8,0.015752535255666715
ck_7cc5e0fa3ca5a713,0.004476719686518657
ck_ad4a4daa826ac68b,0.21108918852100328
ck_472e0be7a3b533bb,0.039698714956381755
ck_7190177963eafdd9,0.007202530737890644
ck_647ac26c5900f082,0.00695299914625204
ck_272ae2179bbd8e58,0.005523591772033803
ck_09b0d8af304646bd,0.000564168250646749
ck_ca0cc8ea9f344408,0.004237836228410146
ck_332ad134fb909869,0.008946741799276164
ck_fca2798914627dc8,0.19673768244499407
ck_4450b55f462ae134,0.006962586895701585
ck_d67d9dfb60b286b9,0.0018123644291326215
ck_a9d2bb4f2bde7052,0.0035513534940924004
ck_929bcae878a3ecb3,0.6644618820782897
ck_59a9e000fa275e1f,0.026593737760027606
ck_57f17254e2688637,0.09668698523328982
ck_0508908697f60ce3,0.33972698680950236
ck_946afc2943298d26,0.005498555185829694
ck_7176d12b18f2cc0e,0.010555628198213485
ck_5c47b49c26cce286,0.026709971398517097
ck_b6a2bdb2d335e1d0,0.9938357322789347
ck_1d58f6caaa4d012c,0.01597364711311209
ck_71c917295020ccc7,0.005555554945614583
ck_bc89644ae3688995,0.005972048714506516
ck_e7c212f16d6df272,0.008180822751583296
ck_c6d2e11a368184e6,0.007227751918434384
ck_eed7f1f7548df15b,0.007702470641387893
ck_75b69034000ca7bb,0.02665900241249595
ck_38da3bf629458682,0.009348215454389519
ck_90114c891239d821,0.0009674825474258673
ck_8ee08f6777cc155b,0.011873048423454888
ck_bd86132499defcd0,0.007263397180591784
ck_b95fbf2b5640aa82,0.0059405151359767545
ck_c530235393360e3b,0.009476055234108202
ck_be52a7ec43241ba4,0.05215282367232041
ck_d96eb3cc55f2772f,0.010631697217295778
ck_dd34f0a844fb115d,0.22464257957114125
ck_17cc7b411f448e66,0.0076742650169804826
ck_856ea65fa27d06dd,0.014045425514720395
ck_056d5f0301c30902,0.07701712524657253
ck_e662b14b2bab23a2,0.1288523233251202
ck_209f574c8d92274e,0.005205093552419367
ck_62720b81617896cc,0.014606251161450234
ck_041614694b77e599,0.008304631169862993
ck_461e3f7b97db8d16,0.0292082910308451
ck_1b74b798eebeabdc,0.011005876609052626
ck_0ed2739384f1d644,0.006897786307616997
ck_5a4d19f1b83feeb8,0.004212405303556452
ck_463937167965a1f8,0.018584958713587833
ck_9d7151dbdf100e0e,0.023598497410514233
ck_20a7d1ce6cc27312,0.003945752139961082
ck_6031211ff118cf0f,0.0026135279436023343
ck_a6fc92aa91e99b77,0.9336173881156261
ck_0aaaa9d2f75a0518,0.01013947941968003
ck_ec26e327cc1848b2,0.006882851794701203
ck_0e6bebf8ae9b9b03,0.008420806499704604
ck_e107537a4cb738f4,0.01149762273328423
ck_e8ea56e122a5a487,0.037124028989890125
ck_98149ed45d38c4d3,0.05284796102664325
ck_0e719b3a6906b8f1,0.0009002530878129302
ck_0c6e7bd357e4a348,0.002026208602901598
ck_d3b2b250da61db19,0.9058791027220682
ck_8bb6b0a292754576,0.2972997353186504
ck_87d70f5fe48a6128,0.03041255941380503
ck_ea9edf9c107d429f,0.039938171131724716
ck_059806c52cebe4f1,0.3496408292899765
ck_a72d6df666e1c21c,0.0042964538007722805
ck_1d2b80ab6c4944b9,0.010189881901515027
ck_60557f077abc42ca,0.14287968708260684
ck_e5f5cb7dd6ce4a37,0.01769774105440395
ck_4c4a939154446053,0.0019110493278747
ck_50ede3eb561a202c,0.015501982219546477
ck_6d03a542922b2ae8,0.02087952148646076
ck_d6fe761ed0db3270,0.031691820266518886
ck_7f0cd6ea3096f985,0.0036350566429668774
ck_23edb6d938a3b87b,0.008503002118672977
ck_799aaf9f2b9ef621,0.009704985340062413
ck_f8f6a03613b6dda8,0.027342189147448327
ck_7cffb189f4f514ec,0.9362874197598113
ck_c081e1967dcd811f,0.05849957632969614
ck_583d6ca78c97d91e,0.5375947295506868
ck_9332bbc7125219a7,0.004249421928388312
ck_956b5af6d7d86c65,0.8616707547899519
ck_2d634e3f24681c0f,0.021434249276430926
ck_7b35d218ed0c5a60,0.007852132224568138
ck_ca5b1057f8248f73,0.02623727455893044
ck_ec5ea81cf813597c,0.00782321125660848
ck_eaebaf4d28400fb8,0.01650976928395773
ck_ae2ab6be219219aa,0.0048805167099967885
ck_d99a8b4c820eb46b,0.003781675410310281
ck_bcfb7ffb7cd428bd,0.009202221227850813
ck_3dd542c2d31be2c0,0.014637648734976673
ck_c7dd84401e29a7fc,0.00572855505241526
ck_c4bcc7cefd40f8e2,0.0007104745263713947
ck_c251898b5d51e3b0,0.016274529421064592
ck_36d37be780c1291c,0.0032012637725999053
ck_99b4f266b61ae7ee,0.024559034028455298
ck_c37f03995f0f0169,0.0016188834910934975
ck_65a23ac8e44eb901,0.006962425873593253
ck_644b1c1149eea9e0,0.017179418120606808
ck_9cf44eb0237c2429,0.0027699384842874747
ck_20541686a94fb71c,0.0287939785195196
ck_c18245be844680f3,0.01027840223764984
ck_56de216eda6b7fa6,0.0025946627074257826
ck_406c4442dee45cd1,0.0006268186739882807
ck_df1585c7d72a96e0,0.0017912570965487485
ck_b8e8dba20676d87b,0.030518757839768797
ck_0ee6965e68efc177,0.04071130063749529
ck_c2a5c54ad8d0d297,0.020046656808296093
ck_bf6fb7e6470e95cb,0.000802081761036114
ck_27fa694569140345,0.0018732819408626244
ck_e04166b0ce66393a,0.005135162492423687
ck_8742114f4f0cb22c,0.18597563258072697
ck_6eceeafd56b42576,0.07685666195186186
ck_34f9951b0eca1965,0.02611343509361714
ck_384ccecd342a24ad,0.0009466883115607852
ck_49c98bebd1338879,0.0018193739954448897
ck_6c26c12071c91ff6,0.002689222979121813
ck_01e5986ebb9a78f1,0.043425133632595876
ck_121db7ba3be29ee8,0.022220306187002027
ck_039e6d5a330cea1a,0.07358281704525693
ck_ae8c9163cf957d7e,0.03115286788895726
ck_3f5e8f3f1df0c8c7,0.16037302417192634
ck_b1c51fdafcd80122,0.025428757108424262
ck_12e2b5ebfe8986b2,0.00510313132708674
ck_d55eb81a4d543c59,0.008735444017954338
ck_f85155ca5c312c7b,0.04210437401251973
ck_133d8a1ac7c0e301,0.9960646354505257
ck_04212a9bb9b28696,0.9959517569623648
ck_4cc11c7d3ca61f73,0.0030935837347810724
ck_2df4854186ec515b,0.014276147106603774
ck_aa9b28e7fc43af79,0.43770393234403016
ck_47cad6c3def4c9e4,0.001227064018038899
ck_fbff7b5da8111567,0.005043597817164756
ck_bd25ea782e375b22,0.03483321789509333
ck_7989376f8cf64a9d,0.01451028315124636
ck_675c0ca1ebb1051c,0.003933353746897886
ck_1436f6e11d4008f9,0.01415003253239196
ck_812cb3a4482cc618,0.01010553384617379
ck_6e606f73a1094afd,0.009499574197188144
ck_1b708e2a4a0584dd,0.023800336602501394
ck_a60d6b324bae0330,0.01892888790460962
ck_706a4f673a9fda3b,0.5240779092706842
ck_a75ece9a9044eed0,0.00427029644540735
ck_9aa45c4e03c8c57a,0.06408326342927471
ck_9fe9bdce982b312c,0.03161989859315012
ck_c6fbdc5ba68a8466,0.021667958742461236
ck_ed0cc1b1c28f9511,0.19194723205056885
ck_a4e2607b4c8021e8,0.001609614557677779
ck_e02f93f51cc8caf3,0.002776569140338164
ck_7084ed3cf20781b7,0.03794182738673942
ck_cd4c63155570d6ea,0.0049109793686648575
ck_d1b9e5d32d2d789f,0.0034975174111843434
ck_68f56f6560a7a933,0.010144176468804413
ck_8bedacc6233c6269,0.015391754265069283
ck_ab7cb50407d6b13e,0.04876140703031778
ck_f17ed7e0fd687742,0.11833252929843299
ck_b0fe4b92fc70f72c,0.0022902729331131014
ck_84d62b8196da2452,0.018382842444477097
ck_9e298cae167f4693,0.003049048461585375
ck_405b20ef9ad0ba5f,0.13520950665139794
ck_813e02e1ababd177,0.005928075374649344
ck_f234ab47061ba7c0,0.0010441169399611084
ck_22b587c18363899a,0.014530793725549166
ck_4e862c2f48c38aeb,0.0032125019270996744
ck_b89cb90a420c9075,0.00631086180312297
ck_be2251640f27a3c9,0.17231786214715683
ck_46bec0bff167ed3f,0.028285882006970176
ck_c0032232c2868328,0.0034919799535680983
ck_030cf09525dba4ba,0.010629458314206504
ck_6ecf56236789fc09,0.9856753298207093
ck_38d4ed52cbe6d123,0.05440176923668061
ck_2d923d957ffd4d53,0.014806434603152698
ck_3af1eb88728ed8c7,0.03792386161753637
ck_2f8120ca80a1592c,0.02391244292851751
ck_6cabb1a133f0b151,0.010480379385859407
ck_bb6cf7e7b707731d,0.9198928359725277
ck_c8307fecafa90140,0.018149076533549052
ck_75f968be67f46d24,0.027431651704373974
ck_df6fe4ec5a233213,0.009047474865199625
ck_b53e88c0e927d896,0.0007131711264255662
ck_f0093064aa28f4d0,0.04836824721085231
ck_ec9976cabc63ff92,0.004675601575028454
ck_30dac0a58c5590cb,0.08637440365721807
ck_348a525791ae6475,0.04034949740143172
ck_b898d912d1181ef9,0.01239654665032479
ck_f5b1200dc6f95760,0.04502457069062387
ck_54978a073e7a0b1a,0.014625888631929632
ck_55933936536a4071,0.005260873003760302
ck_d6ba7ffd2ae08863,0.020145396122626197
ck_404e2217fd87fdd2,0.004313876835443388
ck_dfaafdaefa5716b6,0.06430475772928032
ck_556c62e92d4e7e5b,0.11465822199694213
ck_7ce44f4e06d58111,0.0694736784336328
ck_465cb8ce232c7670,0.005230853387111439
ck_237508ca4fb37268,0.07139222304503437
ck_ba4a6b9aa63964ef,0.019546463401438532
ck_4802a0a7a1882c88,0.48909504096089723
ck_9478dfe4114c30f6,0.008729134042115411
ck_5138f6c575dec64c,0.021081729328066415
ck_aebb42afe430e2e9,0.0026441794315166614
ck_004efa95555437e9,0.004524205699032056
ck_11af112667c98394,0.008481526481630051
ck_44e9a18a8645c9d3,0.003343711201312996
ck_2605fd571219e28d,0.0014895174480397699
ck_dfc933493561d84f,0.0061852225294178826
ck_67674348e68d1f25,0.010080238636983353
ck_dd97429277a2fa00,0.031101605117589564
ck_d3eab7a06eb48348,0.042637704000601295
ck_0b9fcff9667ec05a,0.011779783035605285
ck_fc4bfd6e739bddea,0.003166915745738028
ck_43292f70a03ddf2b,0.02851070497907137
ck_5ff6108056a3fef5,0.005459602913544957
ck_767e0be086b5f601,0.02919597930002021
ck_b8465b1a5666155b,0.03162135604209241
ck_ab2e3fc56f5b3aae,0.023240608898392218
ck_1833c81d693c1e07,0.9807307814055237
ck_0308e0602b856445,0.0021435067477114647
ck_ccbdfe744acff8bb,0.01317998275877506
ck_b294aa27a0b586d7,0.0037232320979095476
ck_a3747201f377626d,0.9693824907147084
ck_edde1d7d1db24725,0.04331682897336463
ck_ae3b47d6e1063704,0.006092474988097926
ck_3aabf5e0f4defb41,0.013856692410319916
ck_f034adb57391f3d7,0.11266782965646442
ck_533672fb40531607,0.1075797603547831
ck_2a244f1ae08ef83c,0.01496682454422535
ck_a35d81bcc54ece2f,0.017657395479816634
ck_78a61215675b38f0,0.012307591854868766
ck_e013d88ea7939616,0.008430279233209515
ck_e5018f9418e0102e,0.042785106999494026
ck_d4e024fcda401a31,0.00516496291301497
ck_f736cffbdb82db34,0.0010219305149088349
ck_1507f5aa50cdf3a0,0.019143803496411333
ck_18270fee7c8fcee8,0.0066509410123484335
ck_95ffa1a805a1c9d1,0.00272192399885082
ck_11132d245b94d045,0.002853923747637475
ck_7b93a622e40d8b14,0.03981307560472462
ck_3854c08d17704347,0.03220043311026554
ck_7717fcb100dc4b5f,0.04453768460402286
ck_ba54e0a1c328119b,0.6769701057722427
ck_a7afdac4ecbf2de4,0.7941030768852635
ck_ecfb771ed2352085,0.006493095178878509
ck_68be4fefc85a6b64,0.3879693652012336
ck_dac7c50bd6d0148f,0.0064605880779713964
ck_87cf36a03bd63c24,0.25799598613577573
ck_8adb40b168b59d7c,0.016149784044074304
ck_8d2f62930777416b,0.08214360003781694
ck_9958b58da9e3c21c,0.012603671760458159
ck_9440335375701f44,0.017680804989397298
ck_e2f88e202b6f700a,0.024272465088124487
ck_4c7c50684827a2cf,0.01091561233906891
ck_8a6ea4a79b1c7a8e,0.007254284695381783
ck_186dbff4b24a3bbf,0.26612257006607765
ck_220fda3c11c59b6c,0.07522017485982821
ck_3acccc69f8b1fd14,0.07024720116955648
ck_9de191bf79afd676,0.012269797482553819
ck_6de6b1663f9457f4,0.0009144736709943737
ck_062754f8b79b86e5,0.0027531143921712448
ck_aa153a89a52f7eb5,0.020965415128109673
ck_34a6bd3be642f15c,0.024508445755547965
ck_9371c700d9830326,0.05108018177947278
ck_a99e0c258ad7576b,0.005510563339270923
ck_0a7ba51d626e932a,0.029557713249368272
ck_852c50bbba1ead13,0.07495786790262923
ck_43dc13b6b6d31297,0.1275980492703472
ck_7d81b59d615a6649,0.0460948186901866
ck_39a3f1da060e88bf,0.010683257620728609
ck_6fb2d142c09ed3ed,0.028943319491959267
ck_6e5752b87324b58c,0.0043691717621616236
ck_9441d48a12e8a4bf,0.05955599667138391
ck_09e9c51eb538b255,0.012145303279865632
ck_8d0cd981ed3a183a,0.011614424612656342
ck_57c07c45269ca8c0,0.003918436311913492
ck_ccfc9ab888ba933d,0.022573483774442214
ck_9658a6ef471053f0,0.004139346810283388
ck_dac3852758f4ea89,0.003223590935662177
ck_b1ed2278f5f14d82,0.020719086685509678
ck_333544d173524f70,0.09551385462158908
ck_fd4582e3853ef23f,0.01017531625198769
ck_614d936cef98db04,0.005447768618023882
ck_6bc351a3d57aac54,0.007855491882238585
ck_af5842fa7202ff25,0.008165796160068555
ck_81307759252571be,0.005309184167661777
ck_b4d2f02d2cd45720,0.25302056674155365
ck_1bd753a4681946c8,0.9665985981172429
ck_46d8c029d46867b2,0.005081093118480319
ck_b7da6640fa2f49cf,0.2844079504660476
ck_9ea3d5a5a91fef9f,0.09003659849201197
ck_7b922518f667f76a,0.0007727255753074725
ck_2a5b31594206eb30,0.8990857990632765
ck_d9506476ad3f9e08,0.008213760127716806
ck_c8791f7ebd4d93c7,0.05544443785665922
ck_b5a3e20fd210017d,0.008274303744861647
ck_8e54386f4fe22cad,0.011060334004394545
ck_75296704f5806f56,0.040310134712189076
ck_0fbbc7a6af300368,0.0040805325091533605
ck_d19bf4dc0627113d,0.0016685830207523445
ck_7951bd4eb99a0175,0.0011888509835428285
ck_059e4fac6b7f704e,0.005523019673897262
ck_2ce8931af02a2ce3,0.008384610015383234
ck_9e665618a4860306,0.003028649329817343
ck_6fce5a893613fd2c,0.002013657421652438
ck_9e3fbd04e3532f32,0.14864992338277783
ck_55f2ef0de3420e3e,0.016002861452034604
ck_8d87658a6f5d204c,0.44965917102974146
ck_6d6ac1f5dd882aa5,0.0013433927240053076
ck_55d0c7012d7ef236,0.031519048110364295
ck_7738eb085e5753d6,0.004959571276282091
ck_0e6e05c3cc8c8242,0.012099480659600094
ck_8d27ff8383d48132,0.004606808507007438
ck_9afc3bb849f3a64d,0.012370188732013938
ck_27eb86a9898cdfe3,0.003816014449501396
ck_1d40e4fc541abe93,0.29478221556187284
ck_4fd9dc00e1913587,0.9881592760153692
ck_b26cdb2b7b165d2e,0.033484809074817955
ck_a79a27767a02e31f,0.02234908751938316
ck_f0c18cb9f951a71e,0.01939604501279198
ck_50460e0189de6274,0.9219685038237443
ck_5e5280539257c986,0.00571748507348571
ck_eeb854318b3a6f0a,0.010675724877067503
ck_943f66f28dd24750,0.0004096701701530016
ck_984dd7452aee372d,0.10071684661744144
ck_ecaa6de0aca5e9a0,0.06990697516682681
ck_8f1cbc432e2774f8,0.022719674410754273
ck_d91d9f8445b9769a,0.33204475545083534
ck_73c18e03e3c7612e,0.0023430200125160263
ck_aded05ada490da20,0.011776235292124992
ck_f744e208183971f8,0.0038176918065562595
ck_02d4cef6358ad3b7,0.002523358869893659
ck_08ff5bd467226a5f,0.0009578762131466628
ck_f824b326d5089885,0.1427953801968224
ck_3420f2fd520890f3,0.010239059154055062
ck_1838cf8d00f5b1e1,0.026240356589243317
ck_a85182ad90b6f1e1,0.001238390158480953
ck_fecb39c82c43e76d,0.0029698480493394867
ck_162513e73782929f,0.02298227167293564
ck_2c27b77c59d8f23b,0.11025309221680876
ck_4221e07b17388fd3,0.01688682041390241
ck_adfb8472d5c3d669,0.024040748053163908
ck_0742fe64055d686f,0.0023305478362589047
ck_5060aefcc8b6f958,0.023832843148524564
ck_643f549b4ac78a26,0.2959141564374048
ck_dba767885bd6ad69,0.010436013458472398
ck_0dda35c0c64c7073,0.9757514939831349
ck_38ea56d43afa5660,0.018511083832272682
ck_d813e15ac91f487c,0.25022153645480194
ck_4c840e5585a7b167,0.2706806728976961
ck_cb8551453a7bb929,0.004646763733897733
ck_05a00b1dd5a03359,0.0044988255283507144
ck_837cc7fd48453a01,0.010541762585923566
ck_49dd816b31fba6b6,0.31893061796666977
ck_86a61d9a39768e87,0.012682046724702281
ck_cd0e76f0e7bb38cc,0.019114055604793418
ck_dbe58392635133ca,0.048989616152924645
ck_3caec7dd6f8d02c9,0.06837867402758314
ck_bfd9bfc5b6ab4a54,0.14919914707977044
ck_2103399bdb2898a6,0.009618552657114029
ck_329f7de7279e74c5,0.010628740188665935
ck_9bf0d28119fc42c8,0.02853909369961596
ck_f781539b1042dc83,0.005599173241183802
ck_9986c7d781ac6b4e,0.005813280801258255
ck_a627734880aca848,0.0032060333858958795
ck_2106e509d77fdb4a,0.534825762775507
ck_420d1a9c604293ce,0.005340995474873576
ck_fce0610c527e2b56,0.02140383024648557
ck_073da541ec3f9d3d,0.00936616589559004
ck_aa5f3ab48c17fed8,0.2856380040908501
ck_0fc1086e1c9e04b6,0.009614226100291121
ck_5c33bb46c1a5945b,0.05185384100004901
ck_500948a8d4bd8e13,0.007543169599383207
ck_19becd44f2c3d2b5,0.014283040554294869
ck_7d0fe77dd5ddb656,0.05891194246528952
ck_f158d9e5f101bb35,0.013530116800246777
ck_cdd7c77823c2257f,0.14119307823602323
ck_6c7b41374f9b2e55,0.006834752468648596
ck_417090dbffb1a63c,0.044137912159379206
ck_dd0e17605f970319,0.009268823970212616
ck_3646515079e6be55,0.009740203683485554
ck_89c8b06aa8c84b2d,0.14005847636409846
ck_e4d6dedd97233c07,0.019532580756956866
ck_bc82fb1895fddde5,0.0019755549929684956
ck_88a8b1d442ca3686,0.017283951170803266
ck_5791f8f76a629a4f,0.040539095200166124
ck_9cf5e88e97c8c7ea,0.03570489995001802
ck_58fd684aa5a6f289,0.0006374010784541727
ck_9800c21dfbd8e811,0.007956387268015702
ck_8ae64df60ab6ccda,0.009039520050708828
ck_e535fb0f0c00418d,0.08360073710379091
ck_48011996d54855ac,0.6825752096189782
ck_ac79c72a8fe3fdef,0.02457896646858004
ck_b8cc2df5192bc49b,0.034165690725305724
ck_e96a5e1f08f8a867,0.002064571108283059
ck_84df6770549e43fa,0.011323262040648532
ck_e5f7b99ba6ec5767,0.022932044553500956
ck_8347455ab53ff620,0.009119161587496595
ck_a84f2cdf695a71d6,0.007363652674983341
ck_90456160115f9ef4,0.0067916378510935104
ck_ebd178b3f3a9c50c,0.0356263411483812
ck_e1140be6157bacbe,0.001907841656175965
ck_744ffc11d32b96bc,0.006845398388618023
ck_e12a9f7d027e3387,0.0038402735434983556
ck_cbe525da0b69f18a,0.018010713615865138
ck_aa59702537557ff1,0.0917971218889027
ck_0348cc6908f7f3af,0.0008733388096028434
ck_120e995d50956bee,0.06112916774878869
ck_9fcde1ff46cbbea5,0.0026152530258760896
ck_54b0b070689c50d6,0.0009489878969836974
ck_966a167758fddfd4,0.05105935268125608
ck_d5194f2e92fd6427,0.008487517275963245
ck_2ee84f3fa27f2cb8,0.00636938758057184
ck_57d0a7eb7eae2eaf,0.03562214188556421
ck_6a2c4edd82e10969,0.0009251019494981777
ck_96e4d38ef670eaff,0.012099880243856226
ck_52cc2fd5095b169d,0.008426737286667856
ck_4b088920f3a844c1,0.0645556122054695
ck_8f3ccbd20d59f1f4,0.0037839882977159125
ck_e5e5dc431bed6f9d,0.004979840785492112
ck_e8b5bfa6838e28d1,0.015222221052133273
ck_4bfeb78b47b7c6a1,0.06487600606492956
ck_a705c61bd679496f,0.008233914840272584
ck_731869a0c39cb2fe,0.01972603891159361
ck_259eb102342057ea,0.0042007038073863835
ck_47a6005fabc33551,0.004619166909143315
ck_682262b455a9edd4,0.0020005498230897642
ck_e839d104854945f0,0.005925557463834758
ck_761989aa4c47d746,0.043927566458691385
ck_44211dc210139ed3,0.02366376458857615
ck_9915ceedf63a5289,0.17108184003547972
ck_da59ab47cb6284ad,0.0012807267231027212
ck_e5cdbfcca2456652,0.002033814981287662
ck_13f2560c6a1ec62f,0.023424696023103073
ck_a0543e9b3abe1001,0.031059484319244546
ck_11c7a58e09e6547b,0.0583033041744515
ck_69587a134d43a4ad,0.04297450360602936
ck_28dc0de0ae291f37,0.033048913759502106
ck_298922703c5bbe05,0.024691873702082843
ck_fa5ba9ed9ed6a343,0.031817906662706966
ck_c08e64d424e56c05,0.04237324513570337
ck_598e036a28262aeb,0.06867829449163501
ck_3f7c870510083a51,0.007493618696661281
ck_364f8203a3e98d36,0.8655497992120519
ck_7333cedb61506ead,0.007067190532593243
ck_1d96d7fd65f208b2,0.02531442555730303
ck_63133a79f23e2627,0.03148889010483008
ck_901d820e0b72abae,0.001792541116354501
ck_5dd80b3c01457bd8,0.041846864540282594
ck_c0b8067c144ed6c1,0.015927690348134307
ck_cebb8aa8c8f62c60,0.006467430598332593
ck_79749eca42ff1f5f,0.014441562547875614
ck_2cc1d9b587f6da31,0.24294912582131484
ck_ccc7916b56d42195,0.004986425067885427
ck_e43e53cc7b8b8e41,0.011940822739900148
ck_4ab74a6e7450416c,0.002930079498856355
ck_6e44024e9de301c6,0.0011328841921960074
ck_dd78cb6ae2866cc6,0.01356252020422141
ck_c363d3b050baf3b8,0.027115070014153517
ck_2d46291975f0dd08,0.002585080548193843
ck_76ebeb5aee42f041,0.06015761874651885
ck_8395f004cf4d4c08,0.002698604712843634
ck_de7259c3741db179,0.007373457063339706
ck_3938e92585df2b34,0.01719424741721284
ck_af69bfcf4f07d932,0.011695569232677767
ck_1723900ab9afe374,0.09376210459572824
ck_3d58628d1c853c8a,0.00740773984585299
ck_12a074db100481cf,0.1049920113759509
ck_8716cbf892c50e29,0.010234795109030432
ck_fbf7351958ad9615,0.004909940065414415
ck_a50370907e6b397c,0.0496031401499296
ck_937402a60df0821c,0.0016198824228431418
ck_8ce9c5807acbef48,0.010177161336915869
ck_acf7d65eaaa4c31c,0.003014922614845717
ck_ec3eb6dd0967cac5,0.034071892261625596
ck_fc832b0c90c9bdb9,0.9057499642295694
ck_8129e81cde280131,0.009274439664737958
ck_52c0ef68aa2fb8cf,0.012458124254573655
ck_06f042e9b1b662fd,0.03747906088714421
ck_0bf35dcf7b38f650,0.0011899252182087463
ck_615763afc2e17a7f,0.002787041197119758
ck_e72db9d4b2fc9997,0.9861359630788633
ck_13757bf0eeb353e2,0.0072841795303489765
ck_abaf371ec8249c4a,0.08991401219608243
ck_9b7167da0920c37b,0.067092314540344
ck_2e824b0b27494a17,0.06331468900382017
ck_9a0b605e9c3220c4,0.0112571355813334
ck_a5276af466b681de,0.0023006228651328217
ck_9e0383e1fb6e214d,0.1030950633948653
ck_6a27c44b691dbfac,0.002374409505827564
ck_af39767cf583905b,0.01613540562607469
ck_243b1b9fdd3f9a74,0.001602706185706004
ck_c0422e638a9c6046,0.04700777483853433
ck_e0f3ea3373dfc4aa,0.037950192379317814
ck_d56ee1654378ffc7,0.012751996351598073
ck_20cd2f5666719baa,0.001658217376292995
ck_4dfa1c1e9b69fcc8,0.006798686502271048
ck_5d22e9ca1d15180b,0.34015641606330893
ck_f4a7ac178fd55f0e,0.0034330386949959937
ck_fd5609bd23a1eaf8,0.0031426488633146754
ck_49c3bf13dc9471ce,0.018266097038171537
ck_724085c3452d4693,0.3377892504909249
ck_e5d1462846154a75,0.03105222404363545
ck_c69ef0f3e7d6acf9,0.039856409291970145
ck_a2d0417791d4132d,0.021429431132707993
ck_00a07fc2a9183c3a,0.0014991149361498078
ck_781b8288e54ba8f8,0.13797380415175453
ck_d74a62ab3804a81b,0.008146588314418573
ck_abcbde211b6267f8,0.04198137422307743
ck_16dbafc035574654,0.0024712458290811457
ck_018f780215ecaf38,0.0074587045324138925
ck_0b259620eac51618,0.004626890060053932
ck_4f875342394c110f,0.03869559812842667
ck_399e45e5fe9beaee,0.026388039867181887
ck_36224a2d394ebfe4,0.0563222223512467
ck_c189b551bd111332,0.002106122934155739
ck_125c5a720ecb177a,0.13330797402524303
ck_76d010aa02eb477a,0.0009486338350177893
ck_1071d14c46c92379,0.3218746498040881
ck_61d244b2cde483af,0.015331432836521736
ck_2ff1860da2004c84,0.001349240485154062
ck_c5b583490198672d,0.010236889960709147
ck_1294f7af22fade11,0.061131096519369425
ck_e3a22799716df39d,0.0032683990053743697
ck_c77e22834ef97005,0.47619870311230866
ck_73d3689728270a2b,0.003593674374194461
ck_295565fbf77ef885,0.0025303079084483923
ck_80c0a7f54ff4895d,0.004593971127251472
ck_f1ef5cf7f10b16c8,0.025219276697270466
ck_a958b2461ffc21a2,0.13463223563643434
ck_0e7899a57cd617d6,0.0026094648475023935
ck_9d4fed252718f58a,0.019123134521416757
ck_83c2c34add971d76,0.0014825298735419122
ck_9ccc030ba2de9fb2,0.029645564551506503
ck_cd691e3466fb3742,0.009643247733517827
ck_49df70f908dfd069,0.0801140469519096
ck_362ce13eec1e33a0,0.00281663362081211
ck_2452a30397dfc54c,0.00975206343943225
ck_a443d49c2b4863b0,0.00682516349663328
ck_c8b2e2cb349dd0ff,0.00838109352552025
ck_354909fecf5da8cf,0.011024189596711507
ck_841f598bbd54c83f,0.05829415937280138
ck_cd6fbd4e8724f994,0.03869613724649355
ck_e0b3158111370118,0.016510119921414882
ck_4c2f2eb657c2c60e,0.002968092841491213
ck_ef346071f0b7654b,0.010177988361582648
ck_f3bc10e3decefce4,0.002708110856379188
ck_189b6fbe9b9192e7,0.011694387818239409
ck_5245cbc5ff4d4fa6,0.007808366071446121
ck_cb42e3be6fe87f60,0.008848826945520446
ck_966d4d713cbc7792,0.00317660656807397
ck_1c8c969667cbaab2,0.892643598340092
ck_d35e3aa9ef5d405e,0.13839491830364942
ck_a1c39df50a5873b3,0.01741590469996419
ck_a152165caf295b51,0.015629159283214036
ck_891eaedae139828e,0.007776696489120001
ck_1a46b56f4734d52e,0.009430123830710624
ck_5e36042cfad96c99,0.3843386926160931
ck_02a8582c2603e675,0.020581841906193967
ck_6def9d0429e4ed4b,0.01052573575324873
ck_e137400825a1e3e6,0.006205434262599108
ck_d91ab840848a54fc,0.0027292157926193166
ck_becb6e1c608e0078,0.003064497297777698
ck_6fd8c86ac719d7eb,0.1269676587087714
ck_3ed4d13f12fd9d0e,0.02550115221422897
ck_007337aa99a4891e,0.0009272216635065346
ck_60c3d8306527a08d,0.0013331763959615738
ck_95458880a54df0b1,0.4642010373186311
ck_b48cd8593533fc1d,0.6812400618772108
ck_021c6a4a7e3f1f0e,0.0013931269078537888
ck_764d40f865e710af,0.008610605750811691
ck_4b84357ae8ec7777,0.012199214159991395
ck_3397c7856b4669a5,0.0026695563035705255
ck_920bb003b42e6310,0.002613771195472498
ck_8f59f11b512d5b7c,0.05919529894844842
ck_a3acf4b986afa98b,0.10914095475886279
ck_e89d25ed7bdeeaea,0.008517175542339757
ck_70e6bca473bf6902,0.002411475376626551
ck_186161ce152836f5,0.01866248365750488
ck_9191579254663f5d,0.004833047542954129
ck_1e6628879e9d653c,0.01806370738828429
ck_b498fa91a0776ff6,0.04120683167484574
ck_cfc2384f22954830,0.04448934711595529
ck_17673a1c2867888a,0.001174561462463951
ck_523dce06515b072d,0.015739595192624738
ck_c20638a325ead2e4,0.004406443243023332
ck_d3877e1f907cc148,0.020891608324354324
ck_e9a2495dea8675e2,0.02482049896714774
ck_7e561caa5fa1f3f1,0.02371156683105046
ck_455672e652fe1abc,0.948004177232027
ck_7f8f864fcc90ca82,0.030627734492357964
ck_1ad36046aaeb816c,0.009273128175771684
ck_de056e37c82e8e00,0.01614956569984726
ck_7484c214c889fe7f,0.02426228071272814
ck_32430e678c4f9f53,0.0032430693786612685
ck_6276ece8f80ea799,0.013207656095042729
ck_ae8e5dc4b725bc25,0.05246428135348205
ck_f01be92dc78a2dc7,0.00949098688525456
ck_233397a8bd40d38d,0.0053354540100541805
ck_f8124911450fdf31,0.9412818181342416
ck_aa0a3179f1111674,0.00500421873293477
ck_2366b29ed9887a5e,0.0020563244123314407
ck_1f22f04dfc08cf27,0.002789434076085029
ck_b62276c3426d680c,0.0196286974064343
ck_d099fca88691f66f,0.02148695127870423
ck_166bd1dcbaf4d6fa,0.0014706064744359354
ck_7b1660e942436e12,0.011005201905951346
ck_4a9a791a1d409a3d,0.015211023713018391
ck_b003e5b54df65db4,0.01989104882709193
ck_64b4dcbf436f0b75,0.0036294469105889473
ck_26e9a7bb2061a58e,0.04550862209691813
ck_08b77ad5f8f73007,0.014737121664428398
ck_366616a725afc6bd,0.014288702174637465
ck_934fb5064b6eefe2,0.0010507084666158783
ck_c6abd5d57b1009d2,0.0020974333762720813
ck_edcfa9e1cf29d813,0.027408086934631527
ck_c30201ebd003fdc7,0.017011144645090875
ck_c54643d94d3ce355,0.03165591775482189
ck_02adda6e91e49650,0.016569528201415735
ck_5b73d7c5255e58a3,0.23811685212562253
ck_129ffae92dc01408,0.0007246496953249235
ck_fa321945ebedb916,0.01779620048751033
ck_8da980cb2e1e2bfb,0.010934063461788227
ck_0576b00d728bdf19,0.08478103982703804
ck_c543d82e22b3c8a5,0.0020973114514808407
ck_0027ba644f9ae2cd,0.330051855779856
ck_8dbf61df902a6bbc,0.0010732217616272236
ck_90eeca1cda79fd41,0.001684114413735692
ck_86d7127391d4e01f,0.0011651324539071633
ck_73762038c7ff2f6f,0.002766468254520319
ck_a1484e6215fac651,0.6992130222517465
ck_cb83b9f806e90dc6,0.15167755707001898
ck_8c6f059c95872126,0.0017280729159192035
ck_3174419a81e7caf2,0.008440523436041436
ck_6a0f8f8fa4a3c2bc,0.014849355905237864
ck_b5777605668bfca1,0.0007267510709560114
ck_27e4de495abb4d15,0.025439742773971322
ck_7f6fa79c7a107161,0.014703635824530216
ck_c36ed9f8e6792ea4,0.009455108422805272
ck_67a1aa88d2ea554a,0.04359435826539765
ck_09748dfe4df3d540,0.006391590688762351
ck_27fd85b1e38b675a,0.0031194856733004037
ck_2369689bd795ee10,0.007949337271271032
ck_4eb1c12f7d092bac,0.0022300990366592617
ck_01fbafc42c8e33f5,0.0063427211395353875
ck_93c4e05699b3b7d0,0.010438228679825438
ck_afc484d1b6907983,0.005126702676594047
ck_1b2d9cae92a1aab1,0.06512370209416209
ck_73b729cb161487f2,0.0086997492384536
ck_fe3c1d0ac090d960,0.027143677399727617
ck_408efac1d3885ff8,0.08509334511764438
ck_ccb4dd9d0a48a76e,0.003314067488058528
ck_2987eab34ca7805d,0.06068955769199697
ck_1dbf1f15193197db,0.06681498461885318
ck_4ed711fe4053e74d,0.12380885621634348
ck_6c54adce174f45f4,0.010476101137024716
ck_a6c740041faf0bd5,0.006950818068983644
ck_b05c4d33c4f43639,0.05571222970751066
ck_032880f1114dd51c,0.03234374478640767
ck_22311b037456a76e,0.0019022522121065499
ck_5866b413549765bf,0.003886613575506274
ck_0e808afe2570ecac,0.018544442043280877
ck_634276b05f4381f8,0.00644900686012957
ck_5d8773badd0d4740,0.01564023088199837
ck_82b5b79ce3517102,0.8702906900574383
ck_b378b8d8100ee4b1,0.00729968048739228
ck_54e581f71be5430d,0.0024477636642181023
ck_798ba4b8aa544fea,0.0014647429993219576
ck_3fe86b6331ff95e3,0.1866258767366672
ck_81275d9d4c559e6f,0.0041230621656080015
ck_99a4e5ef02d89493,0.03116560366573718
ck_54e2eb018d947790,0.010859346653590488
ck_966901ea9c77cc02,0.004229870712358212
ck_27d69ff4e0cb428c,0.26611141377308034
ck_2cee2dd7bbfc09a0,0.9612147041749274
ck_4136b00924695ab4,0.0006249255060086704
ck_59a164c40c03a45f,0.006840236377893837
ck_3e24b026bc66789b,0.001203342194548166
ck_8105bcf69a75ee47,0.010085561546129548
ck_7a1782cefe26a456,0.049610193391255594
ck_970c7dc195161272,0.0009199041911815656
ck_a48ec0c00ae20e82,0.03300470353500691
ck_54b374ade34e1dc1,0.0069878492226746105
ck_74e5dec189761d14,0.003350887097834807
ck_4717f24f2c6f40e1,0.07888403524159474
ck_fc8cd8a8209e802d,0.012252034671115101
ck_71db4131d7efe218,0.002339174601774132
ck_45424ea6f0bc4650,0.23149372094079393
ck_3716c6181a5035bc,0.013239482854539155
ck_26de14b96bdad4f6,0.010366380415260518
ck_99c0a41ac9c73857,0.007305542773856527
ck_645f15bbbcff3b4f,0.9892808148965049
ck_b7e25ddd41514d4c,0.0032371214003441146
ck_d5c14e877ca7b755,0.0035969691929922973
ck_05ea4440dac6cfad,0.050751265999000386
ck_c58bafff7b1955cc,0.011070844446836328
ck_f0cf85b67a9b840f,0.01861907430329569
ck_ce1500a7f0d03fba,0.004640617865466032
ck_d4972a775aadbbc8,0.015470528782616642
ck_3eb6146c262e0fc3,0.0024287563652035677
ck_afb23858a4ef42ed,0.9756659363964597
ck_2c1def5c91c52a5b,0.057895501815101315
ck_72e550559487b919,0.002165702060384463
ck_0284dc2b4f856b3a,0.12765322003930923
ck_03be334935e999a2,0.0023402600604099755
ck_e35a4b4a3cb4cedf,0.01279459246616932
ck_5abe57dfff4b735c,0.005993685285172568
ck_f5f87f772388efa0,0.02607943739880933
ck_5a22cb36d612236e,0.0043322971535575865
ck_8ff1e6028e764472,0.9740708238844726
ck_2ab28149b0986642,0.0670536844761235
ck_c88fc1bac79fa6d3,0.06029899607291224
ck_5b137d74bba6b1b4,0.001994559616363039
ck_11f362dca2dfaf5a,0.013751605832431879
ck_7f960541e5174565,0.0027234621254367914
ck_d5458ba39ae94498,0.013481893781301718
ck_0a921a73a90c2e39,0.05190305936405216
ck_6ad56ef40086dbe4,0.013282415227365767
ck_b68199ecccf2350c,0.0009151230629639938
ck_6dac66c8198c07d8,0.013202645125499582
ck_9b9ce7bebc235fe8,0.0031375082875826532
ck_6b817117d87063a8,0.01749106720012859
ck_900d62b3184378c7,0.0021118901189728784
ck_eafe9b89857149b5,0.01360847205654518
ck_e74716a525ee5b24,0.0007577812515852833
ck_4e9a6f06ab134102,0.012213581075818002
ck_b0d33b5a3716661d,0.009107750205672996
ck_8703543bf3134306,0.024200742674398656
ck_923d6a0f83accef1,0.009783786268028793
ck_52e37e2170532e2a,0.2312782613844945
ck_c1c5ea839c58958a,0.07967869978828282
ck_660f0006780e87e7,0.009312077763796287
ck_830b2c5d1818ac07,0.03567922911719454
ck_b080ff636932d1f1,0.0012981053222861883
ck_38730aace405f2ae,0.9951682550320459
ck_9790138467a06223,0.00101317762375048
ck_10de0b0d86b17839,0.014171623712644525
ck_c3e37a4d3382c32e,0.0042594831746467785
ck_dd8edfefa1eba531,0.0010404319220002171
ck_8153cdadd300d234,0.0007102683429333432
ck_74d0e7c2c6b63d36,0.9780537883748491
ck_c478aae3031bb328,0.0025555889648088367
ck_cf301f2194975866,0.004071719768042862
ck_f4de03f44e3a5bd5,0.011002574231968406
ck_b06ce826e593b210,0.04144774730051925
ck_2fc70b6baf6a0e26,0.003488227129330438
ck_d208494cf5c90047,0.037452336509114684
ck_086d29ccae565e5d,0.0024808440337623318
ck_d5ef6dc116dee408,0.004655285838589181
ck_fdf0c5b722d83464,0.005855883942954717
ck_de8494b13adeffb5,0.006164787652574028
ck_556786868599143b,0.006131813566344431
ck_4940e78cbdcfecf3,0.014418398376453995
ck_d32fbbfe32c00416,0.014111382390076041
ck_bc7710f7e9fae649,0.001681613457146024
ck_416f7ac57da081a3,0.008603001062884325
ck_6fb39b60c67d5475,0.0038468640992957164
ck_e40a156511345d6a,0.0013878074190201521
ck_49ab879b5aa7fccd,0.18118561287984528
ck_bb643194d1cbc47c,0.9908087920907581
ck_b3ce8f1bcedfa043,0.012460248950244134
ck_558ebde8c29132a4,0.013077141892401114
ck_e6222925762273b8,0.07077612386545393
ck_bd80546b4807dd59,0.024527794932355754
ck_bd21164bd2bbb635,0.012716134116292134
ck_ea835557d7043667,0.004455774398937304
ck_1411a80a157ff39c,0.007411739188021586
ck_ab973888c20c9120,0.13192875278351082
ck_95b48972061abe82,0.007125013609868504
ck_fc4a43f8876bf10f,0.690123427903372
ck_f34fb7ccf82f41e5,0.004010738815033267
ck_5af9934a56801ac0,0.006462027508791391
ck_fc7445ec76389a58,0.5291958486317072
ck_1eeacc26f02fbba4,0.035919113306499086
ck_4f325dd15c9bd45c,0.037503980328025675
ck_5009a6c8bbaf15ba,0.08312317924046199
ck_0f3de7f074bb33af,0.005143177102294568
ck_2cbc2f93a32eede8,0.03474011209802404
ck_4bb90a61c21a303b,0.008911171800456632
ck_3ade9eac7d7b0dbf,0.2570061345737873
ck_4859a58629622915,0.08057296847567172
ck_5fed957287ebca03,0.0016872467416202866
ck_ec01ae5351500355,0.003384587665308373
ck_703b41624ae6a5b6,0.004309685904650032
ck_97c38e7f61c27e47,0.012555548268652227
ck_db2c0908150cb2cc,0.031458726924545294
ck_64ac5e6fed86ab60,0.9501086620694803
ck_da1c853b0a061e83,0.022979040477009632
ck_9a36916b60178ded,0.9312774603819122
ck_3715bfa7fed2c675,0.0022996366708753434
ck_dd3feb77d7d4f6d3,0.0047703038822641715
ck_982ebb24174a4ade,0.008398164078764706
ck_f6b7a10d47dd9a1f,0.00884609680142021
ck_1f56fe99f250cdf4,0.03392598680730142
ck_deb3ac0606d6f6db,0.012223439753880938
ck_e666629e5a41b39b,0.004590653228656515
ck_756d2c13d02b3e09,0.02170191641829175
ck_7bc752ae7cf5d55f,0.007320521483628764
ck_fc0cc4b25e6a8194,0.0038916112352961646
ck_9b2b0e286de78a1b,0.012770064048109235
ck_24b0803447211bf3,0.01890104870037535
ck_82eed68d05a42128,0.02232542213022757
ck_c8a03c516ed5b05c,0.06974547020675334
ck_e914974cee1bccb1,0.009130332918889568
ck_0c533ff2d0f9962a,0.021703595239611757
ck_c12805fa5d970a83,0.0783773004300313
ck_fc2cb29918631f10,0.239428210273605
ck_c20e89afe575549b,0.005226372343196859
ck_e1ff9e31becc27ae,0.06394036687797805
ck_18116d0ac08f1996,0.9215434911699955
ck_885a83975cea5e64,0.0021927155233590224
ck_a0c3059a959ba5d1,0.06435089726198413
ck_75257ca7d7da2861,0.04365896258552177
ck_2210f7a0d13bdbef,0.037440059130364516
ck_9cbd9ecf8374f65f,0.00384525690271234
ck_18f67c00ba21fbde,0.008587994107159899
ck_2d28f14d3973d8fb,0.0014998388104995907
ck_8b3401b44aaae728,0.0036087306310817933
ck_9d8e9ef37797d3af,0.7982716701556806
ck_9f50920c894f64e1,0.003913320199933217
ck_4737e0d56c6fa0a1,0.015478184254878633
ck_52c311f29ca3aca9,0.0008028187791987205
ck_6a4981bc721df37a,0.03780900889901673
ck_823539d936c55fc6,0.0010297990309970756
ck_df5aedb4118020bf,0.9500712540589514
ck_a911a066ff0f7b56,0.04884554055147917
ck_684609767df4a14b,0.05270527142915071
ck_f2350bf355dc919e,0.010274279449240122
ck_8452b6cf97c65a5e,0.005976612021641699
ck_084cd84501012218,0.7643496808804421
ck_ace6b72e5bf3e93b,0.07533961121638669
ck_2afdd69094c955c5,0.025233989339237425
ck_fa7d5be26bf7b31c,0.25610640807805113
ck_4b041217690fca2f,0.05646536662789604
ck_9fb8e3d38cdf276d,0.8919269889680175
ck_c1ee56d65a42f59f,0.05576355517841991
ck_fdeaa1cd085691f0,0.03639607963177795
ck_5de33a7a87e9aa62,0.03935333635485454
ck_7476e7fe1ff45545,0.049294719256284744
ck_b0a947b498e47018,0.010409752778615035
ck_e3894ed88a7977e4,0.0013659885664656078
ck_c7e07ebfb0bc15f6,0.06501694901716408
ck_3a3daa8b376f2a18,0.001500654996394718
ck_87809324c2675b0a,0.02098049475357629
ck_7eb4f33260f1dcd4,0.014221617388724852
ck_ab9f0e08af030060,0.020688304018885884
ck_5b8fc4a76f340797,0.01993556904258646
ck_0e7bf10ef49aa818,0.07678519646979529
ck_a44462a3853ac67e,0.9957915029361616
ck_2d14bcd2e0fc043d,0.003957269612807358
ck_df1f2dba802296be,0.9000522939296103
ck_466a7316eaf149b1,0.033672536872874546
ck_50df50af592b0c06,0.004388484633760244
ck_5f9e34c849704b95,0.004338914490258219
ck_7836bf6def26aa87,0.023547584978844644
ck_ba175b1bd8efaabf,0.00875670725367847
ck_1a0aac7f7b94b1be,0.14244447882491354
ck_6768c4b2aa8ce586,0.006196342982754483
ck_eefcf0ed15897898,0.005112298970430114
ck_7a6cb27e390b6ceb,0.010448941408832844
ck_5275be4e1577c1c7,0.007829126931416982
ck_6bc0e5b8c0b7d2bd,0.028799356293560757
ck_4874bdec79f9106c,0.08782573993999616
ck_a678731156ad7bd2,0.2607976869073087
ck_db906debc36a5d1e,0.053946661837822145
ck_e87897767c612942,0.019325902581818297
ck_45ed5ee496ef8a67,0.005643375156752856
ck_ae20e28f9854f3ee,0.04940751724178856
ck_9ee044b73943a90b,0.011740625960366471
ck_dab34cf6f0626c9b,0.02639193931368621
ck_64a02b7b96149810,0.0011774903288771983
ck_c417d06f3e94685d,0.004242025503025653
ck_3e0149cdee4cb294,0.015781944942522035
ck_0e6046fc30f81705,0.007672192942982784
ck_c383aeabd53e9c89,0.032741029282606623
ck_2ef76f1f36e8b869,0.11872737722438155
ck_43948784650bb9ac,0.013950606419063668
ck_bdb966f43ac350ee,0.02451116889277248
ck_5bea0e0ee0b094cd,0.010381819573409841
ck_dff090f03ca5529e,0.0023606434596105527
ck_a4691b57f837d88e,0.01205290703421168
ck_99ee90946395d74d,0.6757439186136371
ck_cc81dbc83a8879fd,0.00388766243412628
ck_f3dc0725621b3a35,0.006073634784291135
ck_1bb212d1288b9689,0.01309083090948372
ck_9e7278fc7679f002,0.026895437416766574
ck_3ded7a8720d7e311,0.005704353941196176
ck_798157bcdb9453e1,0.0031408441676846655
ck_9fba80f56f357fe1,0.004400438344050273
ck_f1e1c8491f16f912,0.0019984618538168154
ck_7b1319a5ca2f63c6,0.9553531922293099
ck_124432fd5c92af7e,0.9366019586344727
ck_148cb0c723284dc0,0.009772772963268936
ck_b56c62c950eda009,0.00165695723329832
ck_a0498755cd8d7188,0.0018532673949374157
ck_5379452a9d74efae,0.00151664884326542
ck_6c2453229d608183,0.017125028121198493
ck_f9d8b4813a88c1e6,0.006256783943271586
ck_c2c7d1e45a521857,0.042565935816739696
ck_4364a83a11743888,0.005095497045784351
ck_2cdf5fd97ba75e06,0.14640918070010506
ck_71bc01291e0533a0,0.029943043798062674
ck_a725d7aed2a0bdc2,0.0016407836122714426
ck_a9b0c4dbd7db6a91,0.0261481876239225
ck_a4258806a533efa9,0.02365756935931815
ck_905e460591d9a278,0.05128734540648704
ck_20de8abfd8960ee3,0.013689986352360198
ck_252b0a0f1119b220,0.0007333992586999184
ck_95e4bef65c36af1a,0.001637978616601863
ck_5ab68b434ad53fea,0.006549232495662702
ck_13677a1957078827,0.002259536019767048
ck_d251e9fa09e542dd,0.9951045844844121
ck_700cb620f300dd47,0.006073694992145712
ck_39a68c55a1bd3ace,0.21276452802793905
ck_61a59a7944d6c53e,0.32987630500555726
ck_db6d1c6d31da967a,0.0034055982347801807
ck_650020c500b1b50d,0.009262033171516297
ck_d812eb6930192793,0.0014914707682331747
ck_92f6ebc11ebca89b,0.06317951014347778
ck_d87e26eb5bc84b01,0.004004322689503197
ck_66439e697695224c,0.0022904558280978796
ck_f21efd504faa654c,0.0045556047502518
ck_15eed0f5652f0352,0.009344872307269847
ck_bcdbf57d98dc0d27,0.04241769172539822
ck_873ceb8004d3a9f7,0.07156194052335697
ck_70bef9ddd4bab005,0.004302809656210656
ck_7560f1891d66f294,0.000883664842620138
ck_f439f16f8693883f,0.01973296551798796
ck_14f9535e53f9c7a6,0.009652166767051855
ck_5984be472d2bc267,0.3778985102268076
ck_ed01be7504dc4187,0.05757455076704346
ck_dc3d8b5c17b67ae9,0.008686553751071493
ck_9dc23031b6b494af,0.042161210388419454
ck_fbdac0221bc03f66,0.008273189241414307
ck_863708a99b92ef0d,0.015178858127605829
ck_22b52654776a1ea8,0.9178924114162438
ck_a0714f98001efa0c,0.0073017612847102705
ck_9c56114f84e9a541,0.006789810853185424
ck_e155cf506b2fb699,0.00210766239416213
ck_65ed7e72f24731e7,0.00422979906512635
ck_822d6e8e43befc72,0.7255953013412785
ck_b1182471d9ac6b26,0.0017192778545581904
ck_821446adc95e6da5,0.00821514713925692
ck_ff182f033134dbb8,0.02828002569325082
ck_9c5feef7647b0588,0.004127556208347587
ck_df935d8bdd44883e,0.005939184753721109
ck_01eb24c18ad11fca,0.14606311979686298
ck_00d6730134a1eb51,0.028324298190589334
ck_79ba8e85678d0224,0.011043276805424005
ck_97e3b04a1350f6e4,0.01724788840488201
ck_74e9747954a46eaa,0.010655750434103902
ck_397d5fcc9972f909,0.03565530850721243
ck_9ede89e8a43c3f53,0.07666171127593549
ck_303b33910d67f306,0.002532349682183838
ck_3c17841636f6f7dc,0.0068425004253442005
ck_78730527f8ba1438,0.23716750768118705
ck_5ee32bc6bb5d1d4c,0.11310755040980183
ck_a13fee8cd925d0dc,0.05234284196311022
ck_6f847263379f2e43,0.029062981712957354
ck_9b9d9e579e7b55b2,0.06742903315723835
ck_87c1d0a79e79c84b,0.02381226652462098
ck_bfc453eabb472f91,0.009231119715985328
ck_978c21bb5fe3171e,0.05426912032791714
ck_dd882323474431d4,0.03374640195797405
ck_533c4f7400d5ab22,0.3343593603801782
ck_5f217bfe28954e75,0.9882111007730999
ck_ae96d35465b3b4bd,0.007002308822641108
ck_512ebe97c0af94dd,0.023298083703085542
ck_f558fe02bb0219b8,0.008073938002977636
ck_84092e23d5ef4d51,0.047385353394664126
ck_17d3022ca12eacd7,0.014477868520025692
ck_8a8f81bf3558fd9c,0.005301285896865587
ck_0ada6fed1864e7c4,0.01604894216881804
ck_21fe7bc59dcd78fb,0.0036823159838157093
ck_e136e20c1c74fe38,0.007398827339246188
ck_e7a530e09d113dd7,0.06194150022063727
ck_7cb0c9ded4d63027,0.03176528725031005
ck_102db9615e722c9e,0.02924911346918544
ck_129e39ddfde92eeb,0.0011040611982144541
ck_d730ff21bfd7769d,0.00935046034567682
ck_54459b45d2be8459,0.0038947723752330286
ck_7f1c20319eb60aa6,0.9952372561884966
ck_939fede90473e412,0.006239501715205144
ck_e0f9506a6d5f4a1a,0.0018141631358419101
ck_9a4967cdf49265cd,0.2762918611394971
ck_b9eaf03453ac7d5f,0.004433607187622257
ck_522477be6376b450,0.004543198576981843
ck_9b6282e3bad50710,0.010396215859836721
ck_a0e3a2facd508e49,0.038767925356376985
ck_97ffae702f7c3d08,0.0014851791465657883
ck_344a95cb7115ec67,0.0026540792706311388
ck_1f2760764afa45e8,0.005157573022021497
ck_720cd658d11ea428,0.020096977583745772
ck_04e32ee9834c088d,0.36413485957307146
ck_2bb1389e5e72c8f4,0.09368412955459193
ck_961e7dbc217cfbbc,0.004225102127148531
ck_f3bce4eccfa6d6bb,0.004718321938669339
ck_e0ccfa0d689339be,0.005660180197578988
ck_98217aeafa0bfefd,0.02853762785666164
ck_a02aeec1914c158a,0.027749677083571914
ck_20a17e8f206a14c8,0.018303587202770734
ck_114c32aad4b6183f,0.06008686029076558
ck_79f5198f0decef20,0.002119371945423603
ck_2209de229b4c71c5,0.01427417381943634
ck_6ee939b7f396975f,0.006708767200548856
ck_202f0c14b07ace01,0.07358757771932109
ck_fa24db9d416ab904,0.003854914255730566
ck_cf6aa24b92c4d33c,0.4584512242628799
ck_45f57fb8194cefc8,0.010738622213391974
ck_d5eb179dc45394c6,0.027411405025634918
ck_efb24be983342f75,0.00569012476176442
ck_245f5d62ead5ef28,0.018490062484016568
ck_15fe2a47fa7e92ea,0.0021881381287392537
ck_b6527a85fd682554,0.035774189798515335
ck_11f9390a11ce9ff5,0.03783901605726978
ck_ffb4d892c5158201,0.0006516077627747528
ck_d4c1da5a1427fd6a,0.03389800765799588
ck_2c041b1efb1c5063,0.011101591027581426
ck_ecc18f40b33be769,0.12208155461610164
ck_0525349f3945375b,0.10160262697874174
ck_0bfe62e0c7eab9c9,0.015165314043634024
ck_b7c37d410b1646c2,0.01998950516374397
ck_4b15b0746318cf42,0.1998292195336344
ck_e5ee006ecd8ff661,0.05920755438225171
ck_ccc83cf66365357b,0.030458102479282875
ck_34a33ffe8339f66d,0.9414518250482808
ck_4e39e3b165edab58,0.9366660827416992
ck_1a71f8081ae00190,0.9785257134536949
ck_ed8f1200fc049c40,0.9706194343292458
ck_8a5a57858e8c77f3,0.029129801827420948
ck_fff9fdc2adf5100b,0.9938069860146512
ck_c76f1bf40f3b787b,0.0010815744546913836
ck_1a6ddfeef82b1b1a,0.007127012125005098
ck_478d2667aa9896d9,0.005146043694084599
ck_641c8e7694b21f3b,0.01830638424882221
ck_293581d879f6663b,0.9086288959116626
ck_1bfa8abdb22be8f0,0.03462252940455953
ck_05ab5b03d0bf9ce4,0.2738654416720592
ck_35694db37f0cde7a,0.0014856164089588006
ck_fe33eb743d714c03,0.010709544920762643
ck_abd10fbcbaf2b038,0.0076959829003327256
ck_46d51648c1bf80e5,0.3072169509139742
ck_5c8390017fabfaef,0.023815122367870898
ck_87d55ca333f22072,0.000989648250159285
ck_c39c6a1453e2b92c,0.0010549932705791764
ck_69ff1b0aa143a168,0.0006092059238261173
ck_e57c79eaab35ded7,0.004587332822136033
ck_463ae759e2b6ad1d,0.006873426548928672
ck_0dae4a7eb587f3ba,0.011525514440187054
ck_9b12fb56529ebc4e,0.0077155793396741935
ck_1af547077ba2dd03,0.10005079150637243
ck_de13de941bebc7cf,0.0010048169281367777
ck_83dde7da2bf647ac,0.0012740753819756605
ck_c80a94d4660041fe,0.06972890019636978
ck_f39cfeb277ef6528,0.0008692701123594965
ck_1cec1ed1512a2d3d,0.0013014746783835166
ck_7955a359b6448799,0.000895012608946171
ck_8c0955dad13c3ca1,0.00467994580160032
ck_6d4cd2de601a2308,0.018639675984974104
ck_f4536ba8dd2d551d,0.013591790531642547
ck_b379c198d6db2d62,0.013043502231110376
ck_76ea90ebc74bcdc7,0.024607223843084586
ck_734f06bd4aa92781,0.02129102624250407
ck_677e1d0c14cbf569,0.0016666021695151158
ck_259271c70f3fbcbe,0.04182906000466587
ck_c0b744eb9e7d4eb7,0.012729311039806913
ck_3d41faeb96802f68,0.0035278913977807216
ck_8f604fa70fc3c8e3,0.013500413084042874
ck_0b3c3bea0e0ed339,0.008820671767462212
ck_be5df076b8a86409,0.0035428433765036962
ck_6a475fe324d7d790,0.010926927605314198
ck_3ba3fa5387bacee8,0.0005840693573726192
ck_324b9939d9c1c31e,0.0020014538235134226
ck_a7fcf7b592f68ca1,0.040685081553545506
ck_5b2728f7cca414ae,0.0008679246712206048
ck_5f4a25ffd0b85a47,0.015431617271512273
ck_63d4f5076fe4406e,0.0032789322161862495
ck_af528d66c86f0cb8,0.07716079907794475
ck_ac7cdb9b8da7b5dd,0.01878960464807762
ck_3bece63711407e25,0.023741874247185903
ck_d4e0b2a12fcfc35e,0.004850872155967092
ck_ee3e7c9d3a9c74b4,0.02307198264090078
ck_50d7c4dab837bf66,0.005137728746824764
ck_ebcb93a2990fc914,0.11061315645010494
ck_2329cc9702cdf7a0,0.04706887007523389
ck_db1fa53d588bf99e,0.005659983920398812
ck_44e57a0bad5a0745,0.021567671214237034
ck_472c81a144f4631b,0.0029643303810446583
ck_1658429acd5306ba,0.011673386606353224
ck_466103ec5bd9444b,0.016079885968143165
ck_9757163e25262b74,0.01886635844810862
ck_34ed59bc2c9b0186,0.00820602892427804
ck_b7bd3a7f263f4f29,0.05596815790684759
ck_149662b09d632e41,0.021009058410648485
ck_a9ffd6b3957bd41e,0.0033193645165066816
ck_ab80466ef615e85c,0.003333267925257589
ck_f2c824d3473db24c,0.02166678909574311
ck_a4a01fd45936b078,0.02448533544790396
ck_8f6ce158c2902877,0.001509095921372334
ck_5189a302cfa7cefd,0.000583267785969632
ck_430a3d03be588201,0.007161038920438869
ck_b5f9dd00914b4db4,0.006933842982243291
ck_52dec82e9cf6135a,0.004770773781828662
ck_95e444a01e2ab4a5,0.02410746761900256
ck_e37cee7b123692af,0.024195630029505356
ck_d68d42858a55adff,0.0853693970851247
ck_3abfc010091d679d,0.029902237283079777
ck_cee4e4e1b62bf82f,0.03386592886335803
ck_9ccb17c35e636c5e,0.0027346911274540838
ck_f72a5a3b0d6c1177,0.0010316356757285002
ck_7508aa554fae6afb,0.2712353685150024
ck_003aa842b7ca1d77,0.5960070302633051
ck_83b2b192f41ee2bc,0.3009155492323501
ck_64796b6b2c3c7f06,0.03976743919546367
ck_6438ae81d43cb196,0.003459641588309691
ck_2bd73d9098504760,0.03407053434360062
ck_aa8b9b36a099e4c8,0.04837372892703754
ck_e5ece47d0dd10526,0.012134448763977351
ck_16077ac345472e6a,0.004593914666108184
ck_a4d6e152b0076964,0.00652696319704064
ck_d90b1d03ae151f62,0.031985895211573835
ck_18b36d342b530af4,0.008172766866821658
ck_2a01e610348b84f8,0.048451923261617014
ck_0a93ed76bf36c8b6,0.00844527566611484
ck_3d56b477fe2370b6,0.03199129155380228
ck_17ab3068fa303682,0.003461329877838477
ck_592a3520d841d11b,0.020172502009858914
ck_84d07028b5fca2f6,0.0431143443474184
ck_f4a2bb10afa85743,0.005367893646520207
ck_4fe4b072f03f2c1e,0.0029904127839722925
ck_9ad08fcc183ea1e7,0.003061378475890854
ck_130d3848b9dcdb05,0.0034061571631891978
ck_bb399ed6bf28c230,0.03155481625310787
ck_a31a64a39a2c4941,0.003367842278080244
ck_c49f25dfb39909cf,0.02821235767222985
ck_55f50a9ae2db8ff7,0.0038024759145779416
ck_09faa4e771cf876b,0.020744313519806164
ck_df520a7a6e405889,0.07686947399818704
ck_8c8c98cc694ac900,0.013026451175941613
ck_7f0c4f609673ef62,0.010256695878939159
ck_f51fe59cd445d2cb,0.007139676000035938
ck_b3fb83f0d772a831,0.010481667847117475
ck_d6e7e257751c299b,0.003838376275095401
ck_0d362ddb4a1cb6d4,0.027959951678230083
ck_a574a08edaf81781,0.0060131055583158965
ck_a823f5bcb0e4b9df,0.000773269969982603
ck_f792586ad0381eac,0.027287092998530306
ck_54bfd70022c66983,0.004339412813993266
ck_fe0a9372c9372de9,0.00793474122932614
ck_5691cd6fdb6d8147,0.00938291656453462
ck_a95f212a02433d23,0.029937560915397596
ck_f5adad75e1c06731,0.06886520863994836
ck_e09c97520eb0533c,0.03110987768131724
ck_a1e13c0d58560340,0.0011581495530327752
ck_cacc2ca410cbe80b,0.033306198203908226
ck_c0dde2a6ef1e08c5,0.0017082174952095953
ck_a04403073c90ce38,0.0007625451381058091
ck_03d3026107175dae,0.03514458706260033
ck_50176dae5b1b716d,0.003269785132019674
ck_6c084bfcb38e96c3,0.017011860644828587
ck_36d2be9012f7909e,0.0543007430941063
ck_958acf84c6137a22,0.007953812271822699
ck_114722e12db90a73,0.04680556122187916
ck_203c2a22c0c165ac,0.013195387791733926
ck_2c44ca550e5cfa82,0.015573997518394127
ck_df0a8f20ab8f14f4,0.030112421145816474
ck_826a27ff7555192e,0.008831545941720021
ck_09a988ebcf062297,0.08373699029146499
ck_5c82444b3b9160ae,0.015439425767240604
ck_f6a4a7ed27fe76fc,0.10114684893153586
ck_17de46314b5c6a92,0.012152621800405676
ck_335e63101b1e6c4c,0.3940392977132454
ck_c5eefc0697451de9,0.057046095606475916
ck_49a0efb5d4067b6f,0.2662051542845877
ck_c1f4509c8f5dac5c,0.008022863030077756
ck_57658eda1c59bc52,0.0018063463003244718
ck_0d5c0736ec76385a,0.0007789972867153444
ck_e0239e6ae30795a7,0.0570912253138344
ck_e4459115cd8e5e4f,0.02910649659441356
ck_bb4aec09d4968dda,0.062280611346625464
ck_a1b4c96faed3e0db,0.02888594003509884
ck_8247b79ac67aae7d,0.01228642114691013
ck_fe2fc7d6e5d83f09,0.004583660084336859
ck_f6aea576cde8d592,0.0005838011796759075
ck_b7e7f7d0cd886412,0.044501165234967006
ck_ca7b993e8286af7f,0.009320667709180311
ck_47de038381a9cd65,0.02770936377906371
ck_d38f941d09eec820,0.09937427371140216
ck_d9ba2a6c0d926b4d,0.0024317139640169564
ck_cda72f597330d0f3,0.004688931416222739
ck_16d2d27fadeeacf7,0.004504153397076
ck_be05447853d423a9,0.0014532334809204278
ck_cd92852d7376a4a8,0.0015155797712658736
ck_2faf7ecccc9fec58,0.0008444295189718393
ck_db8733fd92f20cd7,0.013101868824206695
ck_a9989a3a94c26634,0.04664379055865505
ck_957fb25437c75e41,0.07839689755984915
ck_e6a6caf6e7de17c2,0.0027415539717480504
ck_f7bc569b37e8bdda,0.014025073527418382
ck_703b375dd86a6124,0.017197714577137632
ck_d3cfb3603f2c6ca3,0.021021699113907746
ck_07cb2b6f2a4303e1,0.028807132192469064
ck_31631e2028d4f855,0.019697783924548885
ck_1631bab0ba1256db,0.015768624210800324
ck_5fdafeaec036f016,0.019781807157087813
ck_6eda4c36aecad602,0.0025774066310130105
ck_bd1bf9e3e29de281,0.025556184931202718
ck_bf378ea558a4125f,0.8831713291542986
ck_7aa2deeda0e57412,0.9938701597935418
ck_d229cf7f5a3f38ca,0.012531589631560754
ck_9e109edd124492a5,0.0037435277227759463
ck_779491819995625d,0.12754144565932793
ck_b89c6fa2ad0a12f5,0.017527486830880352
ck_1d01b4a609918c4e,0.9528751512986433
ck_714c5d7cb17bc9f2,0.00809103405733899
ck_269f1746f2609ed4,0.011801470682056121
ck_4be03a2aa62b93c7,0.0016033058284511455
ck_cf920313f6dd28fa,0.01036544755648781
ck_fb00aae4e17740c5,0.0038867735373949224
ck_085d8c42739e2b10,0.9985637063573887
ck_c72a7d0d03cf3e17,0.043209292049049206
ck_8f6ca5d3b17eac6e,0.002020696550946427
ck_d9573100bbff4014,0.340291803852793
ck_79d6793d1d0cf43c,0.0014199866202036482
ck_91fa5032f7aff0f1,0.22915548984393538
ck_87110d84872c0fed,0.010881027392944387
ck_8220da627e9992a5,0.002757153892330904
ck_2ae44938847f3852,0.007725304148739775
ck_b0f191e44f9b6f35,0.05568523348737455
ck_3049d744b527f4d0,0.011136789764356237
ck_47d3e8d1dd3fbcef,0.020920397974333482
ck_ddf787359d2b5deb,0.0007484576873551396
ck_b27a9e39726b26d9,0.0018187841112297996
ck_80c4e9274cf976b6,0.98937722199849
ck_c6afa913168ce8fa,0.01014894127911806
ck_52427b3f8478db19,0.016785265227703055
ck_3b810f15ca0eaa55,0.004757715145223001
ck_0c9e420f97baaa06,0.9615313522051004
ck_f8540cf3a8b2f8c9,0.04044753241936099
ck_1402d24dd623df72,0.009539150073477842
ck_eb4f4267e24d042c,0.0036992982615232377
ck_6f661b428d6fb8e4,0.036201868563578384
ck_519a26ecf3d29c90,0.002419977649804179
ck_e886ba71d4a6fd73,0.013721727407513989
ck_437f9ecd2016a1a8,0.0022881305524426994
ck_f01af1b0c977cc06,0.0050848029539955165
ck_614f777c2eb5d537,0.0034072807120552355
ck_b804e784cde9af8b,0.004786366243041588
ck_c2dccbc1b24b137b,0.05994183710974311
ck_1df4a1781a0f6999,0.026137811377241273
ck_bd2cdd53fca26171,0.011277656669461851
ck_424c254249a109f0,0.029630055452721963
ck_cf2ca4f286e289ba,0.058718615747926355
ck_6c33cb15b0d8af54,0.01435582796649417
ck_311d395fa9b8550a,0.010824450041463748
ck_9f792e7e721ff7f1,0.002972208852286585
ck_4c37586080edb7fd,0.0014516413732160362
ck_7c4f42c5397113b0,0.012562886393036796
ck_fc418f53ce4aa579,0.9459795331679427
ck_1ba28fb7ef726ce2,0.014413100206793154
ck_d932f98bf6b83956,0.08933876206452233
ck_248b3659a9239240,0.01117622056348359
ck_6a92cf5f4cf5de38,0.02456994828463514
ck_65519d0fb137e0c5,0.003337596215814165
ck_ddc3fc99eaba2064,0.04375040017069411
ck_7310cda3bc65a73f,0.002563253314576531
ck_c01c85bd631d4054,0.0031353743322602157
ck_b4954d16b9749829,0.008454867076926845
ck_f301f6758e170d66,0.014819167878345573
ck_9bf95f8c47e7c7b4,0.014229837724456547
ck_c91b7fccf6aeb4a5,0.07039241141549347
ck_785fa45e86bc5e95,0.007626458499390066
ck_2a65f1cc23f1180e,0.001809409658003593
ck_a49a2c1f881a3560,0.004484948489683581
ck_def344d68f06d749,0.03671534348244671
ck_abbd1465fc730d78,0.010173353272039398
ck_07a5610ed28162fb,0.01315672632054471
ck_7ecdee2d7127be8b,0.016970804884529848
ck_67858bc00e81490d,0.0008559508151333572
ck_b4ad165ace910222,0.01010709992119868
ck_30753ffe481a1b8c,0.8078103150732813
ck_c401a26725b17177,0.0008527254121994432
ck_819988d8a7f26415,0.0026191312149240332
ck_3364a1d9261b3638,0.005483339290767355
ck_c484c5bda389bf20,0.0009357282944953614
ck_ae416325fef92c9d,0.9900248789996162
ck_5517b9a865960542,0.0028989662087277246
ck_a0e96fed380440b2,0.005402495688241599
ck_e83409471d2b0b44,0.021051965386212478
ck_127273af97d7827d,0.006290271999579105
ck_aaa9861c91bd14dd,0.005281115656555227
ck_a378c58294001a36,0.9740916094839653
ck_abb9d65ff1f95b64,0.06787428970320558
ck_a5ecbefa849ae569,0.018287505205635192
ck_aa9953c0ca2bed7b,0.0011421343582359445
ck_40bc6de252865f32,0.0033393142932703138
ck_9fb11688dcfe1513,0.006904714470792241
ck_ba68841ca2ba073d,0.022091519242910997
ck_1d3e561a7d20be0a,0.9884169014562119
ck_99a92d710a29c1d0,0.0064795593854990695
ck_ede2e887697ffac0,0.0017764971804160277
ck_e6de67c0d82a7b83,0.017259558919415992
ck_6b38763bf5ddbcef,0.01495353974911841
ck_8dd44eead7d765a5,0.01118077075192366
ck_30bf5b0056eea9e9,0.22795818172147267
ck_2981d16f8a51a8ed,0.04578995621750567
ck_fc60f42c68c7024f,0.04158597042643836
ck_8e2b2251ee224aa4,0.016751430728490276
ck_1906f0dfaf6e9bad,0.5158025014658326
ck_dcbe6814fc4ca0b4,0.020482066040090542
ck_f7e958a286ae3b57,0.0042290768277835995
ck_713649668a7ca824,0.009088185445265427
ck_6f73cdbf9305e2ea,0.01730819881088324
ck_dd1c490050cd9051,0.018092827950741602
ck_e30db36e376606f7,0.11507222205137205
ck_740d8fe8028b5a2e,0.017220105203599057
ck_ebbc9418cd41f692,0.003465887709295677
ck_7b3cc6cc3f250f39,0.0124714072636218
ck_1d30eef7110809e5,0.49492887046958245
ck_77e0589ab339ca66,0.006144085164056422
ck_15ccbf8ff7d14086,0.019345130087073774
ck_246989b0c288664f,0.03733195371506122
ck_fc2a6e27b10b10e9,0.0025918226342258825
ck_8afc1112c12f5402,0.008968169980404235
ck_a76e8d83b9141364,0.029426651723912192
ck_51d3e8dd7465c015,0.0029907707443655026
ck_e7b4016909405981,0.001539373690843836
ck_e7a3cfb9bf908e80,0.03062262654873435
ck_2bb49dc2388cdc1e,0.002251702522400477
ck_94f4266ee7871345,0.009256566817949853
ck_b2c896beec146477,0.013665887222744545
ck_fcf5d4a4748cdd53,0.004031000244206235
ck_fd0483639811f62e,0.21552506944671126
ck_9a21d183524734aa,0.0771365183064514
ck_1df4b46c0a4c317d,0.03278505217552661
ck_638df9e8a22dfe0b,0.005275291402139107
ck_65acc43a6dc3e65d,0.006973080301642475
ck_7c67b73196e3d0d9,0.005723954644300469
ck_b0ee3a98175b462d,0.0017124512227035442
ck_20fad010969f1abf,0.0026208293413711504
ck_54b087bd873af8b8,0.005839968871812477
ck_8007824431fa803b,0.0024479649228986416
ck_23aab322810b9fec,0.008491040707917837
ck_c8001bdb9aafc8a6,0.006906983510619427
ck_3a34c3ac83cf84b3,0.010339735559306465
ck_60187ac2c473a662,0.9865418763617653
ck_6a0ccd7357979f0f,0.11098277795895632
ck_27f20337bef5ffe0,0.043315750986759244
ck_f9fc468915afe49c,0.03203478559953341
ck_1eabc15a94bd9009,0.009464959026483546
ck_26896c494b2768ef,0.00880049235377557
ck_348c874eaf0354f4,0.024043831560020233
ck_be9c46acd216b45d,0.014397526007881042
ck_a3cce46d15cc20a2,0.07398970695527307
ck_70804f60d9704128,0.10146414563124902
ck_a019151ca8e7527a,0.02554031580645645
ck_571133b2aa8ead51,0.04602835098047034
ck_0afa4449f20d5196,0.0047319533932240285
ck_4d503c41cf4e5034,0.01215569610969866
ck_d6fb9cc5171e3e9b,0.8188912768583265
ck_05ed92a7c3e10e5d,0.011641196767810193
ck_bfb067986660afe3,0.055579138724797715
ck_c1a31690c8573226,0.003143644765115779
ck_cb88ef3dc1f42225,0.0026874101845642093
ck_21e3b3bd998745e5,0.020006208948442197
ck_cf52e46fa54e4540,0.002091159514500043
ck_b72c7ac4208052ab,0.012444832985406032
ck_e6465c56b337e6c2,0.01553177464153967
ck_5f87eb05d18186c0,0.01915505656942795
ck_263f6c5ff26b5e98,0.003778803591340032
ck_e0b7e2c0bbe228d9,0.0036771431145610507
ck_b657ae3c146cb7bd,0.002570993841419557
ck_abac514d8167ea58,0.016788300914372452
ck_024dcab126876002,0.01815108104321749
ck_5d8481e2b38bd99d,0.012421123029533902
ck_edf229c17d25dac1,0.06861930325477165
ck_6cb7c97b72d6b5d3,0.010318295355465879
ck_c96ae2c28086a059,0.01882091260935212
ck_2f241b97c0f8389e,0.013837509868326636
ck_9158bdbb63ee8987,0.005119123210077614
ck_e7b40b60786c1530,0.007889309930951606
ck_66d38518f68e6194,0.00095888709874542
ck_8c9b57ad2a991416,0.00561064633103337
ck_cc91bd7152d3e9ba,0.024458616536584248
ck_0d846660c7957a88,0.009222865119903398
ck_60896cdac2212bea,0.04940794817144758
ck_dc4db8b932df49de,0.04352985712380325
ck_2dc31db181150e20,0.005256839895144484
ck_2f138fce1171e277,0.02734625696808202
ck_68b8b859a6ef505b,0.0458473631381973
ck_c3fe0c6c5e1f40f6,0.00832704245727572
ck_15886fe84866de92,0.03185982031202923
ck_ea269b35406473e8,0.0013442528272478908
ck_3ce7cad1f69b71d6,0.018173607455969933
ck_054ed4288ee58d6e,0.0344491937110713
ck_3d4913a86f207fee,0.049196467656659
ck_23ff85f9d2355e8d,0.013173927003629826
ck_d87ab3261322216a,0.0006679599175340596
ck_fac046ce336fe39d,0.014865596605093978
ck_beb97e498e6cf8e8,0.029464906710563128
ck_1f517e0ebf397b51,0.003980962986404543
ck_0af57ebaa45877a1,0.005007487459998141
ck_f99bc1732ce5e999,0.011461928793351363
ck_abb056a9deab275a,0.059286720705213056
ck_0bfc394c5faa65cb,0.04178925965643685
ck_ddc865af1dd5670e,0.028282874952773398
ck_68b5542459638b56,0.065374163125333
ck_0b1d84252c0b46c2,0.006077709383255597
ck_520ec32c4f253604,0.014234800394048364
ck_79ffcfee599d77c7,0.007600040221207529
ck_eb224c0fd146253f,0.0444349955116019
ck_0e477084434da450,0.029360465837635387
ck_07840bba5570785b,0.04103435847308424
ck_6b67fe8e310ab865,0.012130788981887516
ck_e2a1068c2fa22525,0.029995837429851038
ck_b9c6b32f6bd92a3c,0.010155603090742796
ck_c1e7d1021ae58f00,0.00211835398081428
ck_5d7801201749ffde,0.012626202332817684
ck_c8806749e263f70b,0.0014664552418616234
ck_c9eeab826781dc91,0.009915128244041803
ck_309a432c160a17b3,0.006212326112575854
ck_b22e3337b8e3dbb2,0.003110015764644134
ck_79c30169c71b8033,0.9382589311451976
ck_5a6593d954085775,0.0017657635668588577
ck_70b9b79ea1aacba8,0.01885636715123008
ck_63743141ffa11f45,0.012222142729639776
ck_dfd3dbd0d97a642b,0.015313723313804244
ck_635646a661f05b4a,0.013249979182570398
ck_4b123d6931b6d0d7,0.17638364954805782
ck_f2b0e7a47f442557,0.8900193616602824
ck_1b1df006b81d38ba,0.007762985974316069
ck_360237c1bd30f4bd,0.013159746089293888
ck_5e84bca0e362da20,0.020589028059760785
ck_142dba210ed2f3b5,0.04693436307867774
ck_a3564236069e3524,0.0611967768444027
ck_cf36d8b070ded782,0.02270869961746453
ck_ddd6625c5eddad70,0.001401266254971331
ck_ad54292a0b2f44ef,0.04421854515705558
ck_45cd5ef6b359e9b4,0.006457806832632013
ck_982c2392238b7be3,0.6044838812003803
ck_083e4ac78685c3bb,0.025545352005150478
ck_729cc0b46cc2e546,0.290427625493418
ck_f2b8995fe5402759,0.005110529309970961
ck_73e24f5a8da289b3,0.14352462383034295
ck_bd85f30c36f5998d,0.03276471309315961
ck_ee4ff3aeadf912c1,0.00800869224875111
ck_63d2978706e193d2,0.02687140500099854
ck_6a0684436a1e66c3,0.4988729567677559
ck_182dc4a2f5a366da,0.0011106508036404497
ck_e6fecb82fc2a82de,0.006303829386580922
ck_cfb06f07394dfe64,0.0008221910295917756
ck_7bbe1dc8add17ef0,0.03702478196940835
ck_5cacad76e02c8e3d,0.9783710319729075
ck_ca68dec0c7df5a12,0.003095677559254324
ck_e4c0fc52c82065d3,0.01115093690372657
ck_f9197b070416f443,0.002141062748044742
ck_2a07c7021b71cf65,0.02519903831696635
ck_4fa85cebf707de2c,0.0010438395060466856
ck_0063d2a9507467e5,0.007049478733947792
ck_ec986285fff05b7d,0.006504066009831533
ck_279d43303708109b,0.01270787679084214
ck_a406bf11e48cf8c5,0.08677295020861897
ck_064b2aa3f0bfdb6e,0.007894534094979146
ck_95790440bc4bd2d0,0.013626922642915354
ck_70066eea13b4c34f,0.006561543495561701
ck_19468fe07e26f992,0.9751465479780129
ck_86bfe328e0a533b9,0.8532588856064534
ck_ace3b96c977a7560,0.06047112596355954
ck_642344e5c652d8df,0.040174865576710066
ck_074be35c951ae10a,0.02063182354542748
ck_f14dce41036486a3,0.9898803845089639
ck_5cf67a3a747e684d,0.13718232461965849
ck_f7285b92648c1c81,0.002323103569650457
ck_bef3193f124fca5c,0.18201784297740267
ck_05c4dcbb45de1f8d,0.0068948458677406165
ck_d7c28eaa05bb7144,0.005945875449247996
ck_320df984791a1b99,0.0033237343713406167
ck_f45bad1606fa00a7,0.010283325385681233
ck_6f81c199e986d9fc,0.010838660627125315
ck_d0c9633fed57c344,0.02050800914654131
ck_a3c25d6cc7478068,0.01351058630562568
ck_4185506d12cf9fa0,0.0015255723397304885
ck_7a02ee1bfba7353b,0.01672076689821762
ck_1b52590757c0fbeb,0.02621043328834006
ck_a0e5656e1cf9cbf5,0.0032889533708931273
ck_ace21f6daef94f6e,0.004289822955699998
ck_646d8d0834782d6a,0.11386384089909728
ck_1f136a4476b5e775,0.010071486860320531
ck_325c7643cce02da3,0.023148621003799837
ck_9b5e7fe28208f5d1,0.007657259776952977
ck_05d81b1a150f31c5,0.002191646412749407
ck_0e9ec486bff403c5,0.013159230333635896
ck_ee13c091bc379188,0.011521145383935977
ck_f7a7f8f5903617c5,0.0064122418496176305
ck_96c3a3517153390e,0.030129345355403247
ck_538dad7f096458ad,0.006820610781117224
ck_8758fc6622bbb7df,0.04395396561428616
ck_f7e53af3c91fec64,0.01598501479454501
ck_80b50fad7f255e1d,0.0051485842156934495
ck_9645e7adc08631b5,0.0205385185740907
ck_e007aedbf37d6ec7,0.003432975827804864
ck_2951d76c41de2569,0.059990258774282115
ck_9439bff87e616d4a,0.00875079087332704
ck_a73045e96af0e4fe,0.015267116627820172
ck_7b382e533e2e925a,0.01832214998272211
ck_730226c2d216cacc,0.009099806625197724
ck_bdf837d761a7cec2,0.47443676376596
ck_0b34197335ba3341,0.01649912206250184
ck_49170c4b31a20f5c,0.0016590251580678628
ck_cd553ba6589d8bfd,0.013764800715667358
ck_56b992c6f136fa5e,0.055714713370267184
ck_8beae3d7328fa41a,0.06715197561693066
ck_1a065ea906ae3d6a,0.0034099293750689077
ck_e9e3381d5e0e5051,0.0030216668821260177
ck_a6d4f998dadc90c2,0.8251524676599026
ck_d36733da917115a6,0.024054883427907
ck_e738e920bbd74a7d,0.01737987273996257
ck_af65eb885a51048d,0.0014072357622188787
ck_73f4eb09af29b1c0,0.027348771939778818
ck_8fc641b1750a2542,0.04601248886992646
ck_41b954c7a948c060,0.0030364885338567673
ck_25fc3010e8a0f6d7,0.006370838399253859
ck_a2624e0387974e0e,0.12001551041437815
ck_5cb9d7b2329d5ab6,0.06486043093059975
ck_6c83aa1d100a7cd8,0.038788469849861076
ck_67025c64588abd1e,0.002541635636277464
ck_f5dde68f6f0468e1,0.0018963433474131239
ck_46bfb2cfc29a6d2e,0.01441807154946582
ck_49dddb894d33f6db,0.04129920865699936
ck_f738b633b8862d18,0.0006837833959302959
ck_3d6c3c00d854f5a4,0.15099264751874322
ck_cdb8061d8d1a6c5f,0.0061665606006561045
ck_5e1b81848718bdc3,0.017134560273848933
ck_8def763034187436,0.031023929786581354
ck_8f8e4fb9c6190272,0.00508823329403184
ck_368b968b5f33431e,0.0010782067485830876
ck_ba7e347251ea399b,0.018850783096862365
ck_9075432001a64e75,0.00670274691223301
ck_73c5371635aca173,0.9315400200167651
ck_81793387b38047cc,0.004811208628163156
ck_0cf220816e320ac5,0.003844917475342199
ck_820219bb9c761b52,0.3440476686953366
ck_70a932ab39d86a24,0.0002834650977644576
ck_2c4be237a7ed79c7,0.0035918038746917424
ck_acc764b49ef02826,0.5756141206159594
ck_74c3c3452e4e7cce,0.00340069953591514
ck_34dfb57e5bf31d2f,0.05143632753368114
ck_6ec39903f765956d,0.04423544682380729
ck_5986119e7d81e831,0.015588966833249403
ck_2ddfc948b8eac752,0.6074359246967689
ck_921ff5ceaf40a968,0.04837532175970012
ck_fb3b68b4424b5f92,0.07998423808815572
ck_c3db1b3ad4f16679,0.005897552880670311
ck_124a197be41687f5,0.032415887367750876
ck_c58d9151834f5bad,0.019804279461007077
ck_389607982eb6b701,0.8338593182958982
ck_fb0c138c003e933a,0.0017100561260886635
ck_50d0bb7edd8c69c0,0.044319449583263254
ck_c6cb651149dc9a8a,0.0024196974633381835
ck_81e21354e477eceb,0.044571229597690804
ck_7696e38b3e4197b0,0.010797778335780517
ck_586001d3ed9e7fbc,0.0024437783889354188
ck_bba413492dc46f2a,0.0205906841457112
ck_95b894380ad2702a,0.1541772719513091
ck_277621473369614f,0.9953782193330541
ck_a50621b5eeca84b4,0.0014530450853431384
ck_bfa7ba218b988cde,0.032002162808036874
ck_5ea89567dfe78e4b,0.00949299897838792
ck_6c679602a6476ab2,0.007283202585307625
ck_d3885e286b3b11d2,0.026900501404490077
ck_cdcf6671b37c9c92,0.006449392527040161
ck_b5c93e6d34f8d366,0.00194579624095241
ck_c24f61925dc158d5,0.055026144403416986
ck_cd09375e6c81d2c4,0.012560965164690177
ck_a95afc7a00303a26,0.02061515476170931
ck_8e89ca8b39f3f8ad,0.004218595758354565
ck_9a84b396aada3fa8,0.13668887016843148
ck_5124a2e415384945,0.04967877632522144
ck_d66bb1f063357f99,0.00941722506825115
ck_0fd9312411b0ac55,0.017289899692680757
ck_ad8cbe6e27e47ede,0.03389670815286678
ck_8398adeaf41f9cae,0.01442256340948401
ck_dcf851e7bb5855d0,0.0034902138870519977
ck_9affb0f26776b642,0.004439448766770249
ck_f0424b3b36bdbef0,0.058868572561185654
ck_66746d1090d6d9e9,0.0012149233939312723
ck_e5f8c8a5824db594,0.03628555767752435
ck_3e91dcc209431984,0.04323179973658047
ck_126a82e8d42e5ce6,0.005779675194279627
ck_38e4a74ab256e2eb,0.01425071808405292
ck_1225a97fc413a419,0.06298346477405266
ck_9b5ec0f78e160e65,0.0021658842262119505
ck_7c5529bcc079600b,0.015232453687231503
ck_29640fc2fe81c251,0.36755190569650964
ck_160e9ba0a3f7c1fd,0.004252587276658692
ck_bff090cb4ab76b9f,0.008017905616089366
ck_aa06ed358e43db69,0.08349095796427154
ck_7264486eb512d84a,0.004314154950674593
ck_f5a32e6160b28379,0.009315414473531094
ck_4ba8bec14c2217e1,0.0033072704430134217
ck_610815786d729d2f,0.00758938427246961
ck_e267999226b6321b,0.0018595069363463044
ck_f3996a3c8eea1ea0,0.0188265430249418
ck_e9b75ed7567a3f23,0.01271355327338601
ck_d21612d48bb4f7b8,0.011939534746523752
ck_1f871df76c6a995b,0.1205559774508095
ck_953bd5de48ccd70f,0.8587324115808431
ck_02a9104419a6dbaf,0.01353937337487095
ck_1eeeee651e05d535,0.04843270386934869
ck_e2ab04136a442a98,0.005821383445820607
ck_f0d806624ef3d359,0.006620851372622296
ck_4b68b38c1b3326a3,0.00474359769463227
ck_74e60495f8861156,0.017248027269695692
ck_398f3f4cf05c721b,0.0052866685118729976
ck_f761b7650a0c1a85,0.02479065393058972
ck_7dadef33f5e2d94f,0.992382542403872
ck_6ff6883633b8c7ba,0.001670592485818309
ck_4d2159603045109e,0.01316534470995476
ck_a38bd07a5fac5c9a,0.004655090973868699
ck_f517f06551e69507,0.006851357520409443
ck_a7ea00a1760ad561,0.9906914876750348
ck_31fc51d5a3dfe16a,0.009745286516037371
ck_bac5233623b25ca4,0.011136715619219414
ck_385188ab27784fe3,0.11391506317398117
ck_9947a323bab5cacd,0.1930648013106476
ck_7973edc9f22ee7b6,0.04342041546949838
ck_f97c477986043755,0.0020226044877654837
ck_1a3fd2cc4b4de196,0.01248615644480085
ck_e18ac29ea62cb435,0.05091539986506392
ck_9720a472a3e0140c,0.002699361025427308
ck_668c7fc7d7e47c0e,0.07817973496494249
ck_214af0806470ef48,0.008930851654695949
ck_a46c1773f01f0be7,0.040211807679363665
ck_f2bdcfb4203ffdee,0.016818590030461763
ck_40e84e6ffe788a4c,0.01272320605055941
ck_dfc6f5712d8d6678,0.11164769556572857
ck_01ef1036b2e66a4b,0.005157755416291265
ck_3acfec10eec32f9c,0.0213889914339464
ck_084a85145c15ed77,0.014408156410043586
ck_fcdb4fe2f095fba1,0.04348993975645178
ck_023908db0a193076,0.18426504049756318
ck_fec0ff92fd622253,0.013326519951126034
ck_c009c97d5fafbced,0.17567251273131032
ck_eb9f0c06ee017ee5,0.01758186574722756
ck_d7792b429620fc24,0.009791404029079437
ck_5e9e149a3b69c726,0.044075448686626356
ck_ce927322ef8f651c,0.032001832377582064
ck_b8fd61a8e82bce32,0.9636037636902612
ck_9aafc33fba1474cb,0.0036596688287930832
ck_ce81ff9b8b35562f,0.027813378288805753
ck_25bfca1d8eaa152d,0.01191082622421864
ck_170c65860e2a7e23,0.004756194987818716
ck_952da7ca9f33decb,0.005462945809494081
ck_1ebd574406235957,0.010907008863983374
ck_589109a188adc2c1,0.002147723218565317
ck_f0cbd5383bb07778,0.05454756292612531
ck_242521e261148fba,0.004441138464371511
ck_509cece86a558de4,0.00548768649756654
ck_0dd7c5925d28755c,0.002973696756979645
ck_a7e669cf1c3985aa,0.01694970254846074
ck_acb84dc2351eeb76,0.004490594814266681
ck_b837c7dac2a9b931,0.023232645039944468
ck_18eb1f9181f95df4,0.008263999374299077
ck_b0b9047dddb1ec84,0.7448036911926319
ck_43aa136bdb0a2832,0.3155010787078963
ck_3e47f8c56c811700,0.01140235330218255
ck_77c587d24695ea15,0.024067182642948257
ck_20578ac693ea4e93,0.019953836088392865
ck_b9f6040eebd1605f,0.10007911276662536
ck_ca9d86f65cfdf018,0.010108804170394147
ck_a4fa8833995c716a,0.00551193507524908
ck_f589f1e29301b5fd,0.008838713455890206
ck_961ddb8ff55d868e,0.0006418753240470707
ck_5662492a54e6688b,0.03846201779443528
ck_ad48826c1c26eb78,0.6606121112703933
ck_621c9ddde6bf2eca,0.03583431716650927
ck_417a3500b2c717b3,0.05728423402940713
ck_c7e129058beb3ac1,0.009896035962638317
ck_ec1c902b9b9b9c5f,0.30394310421380355
ck_317360ec0a67d27e,0.11672991892375921
ck_3e3ea5d8c4a229dc,0.11871641034727752
ck_d11d27de7bf0b973,0.31617768381568806
ck_d37d56e931105db0,0.00566491170531564
ck_4863077723cd6ce1,0.0022249923275891935
ck_479a065d5903e9c3,0.0022375226042836527
ck_e66ae4fd586fedea,0.0016620443417066128
ck_192bbfd0d5720134,0.003295454908410297
ck_3b436cb29af99f3d,0.02179578822423859
ck_7c7ca54969eed187,0.02364551121541134
ck_826ee896c9f1144d,0.1237503410001463
ck_ba1f6dd43fc8a0b1,0.00832012626171941
ck_49685deb63e4e8f8,0.009009009110086784
ck_687ab5d5554bfa79,0.012502744567606805
ck_41346ccd9242cc8f,0.0017948557579583427
ck_8f8e5e2b9dfec3d1,0.0202824874793451
ck_94d5ce61a0c50465,0.014265936610792986
ck_6b954c75aad8c012,0.0323690565338383
ck_748af92828c9d288,0.006840976150649223
ck_dddd14091ce812c2,0.019704405692809245
ck_723323f6870fab59,0.023491897441725577
ck_dbdf8d0708cc6718,0.00362774697976288
ck_f04938570a154de3,0.005465191065399973
ck_58afa1550b3b5294,0.015188023003963881
ck_3b150afde386ecff,0.020036404770426966
ck_666b95e75d99ec4e,0.8926073024081581
ck_e00332597cf1eb24,0.04602378373342011
ck_9a9e3dac79280d7f,0.0798211719130646
ck_e8d37262e859d9a1,0.00941578310188751
ck_895bb39d24bc1c4c,0.0005447606167619961
ck_b367449195e36499,0.01667843998759191
ck_d23f9a50d1135ce1,0.12857641573461337
ck_670dc4910cf476c2,0.0012369212029583578
ck_3ecd8a5ce65e21ca,0.007525014969854994
ck_8584fea2df4c6317,0.0584735508445433
ck_0789ff4562202b20,0.023228381850820788
ck_749e0e50c3907be8,0.0034375587847736305
ck_c3ff6790cc6d7e34,0.0026747050775869567
ck_75fb7e56432ee4b2,0.0037475565175188043
ck_529fc3170fd11abd,0.03689680299493892
ck_34a69b3b4a681796,0.18592233969882221
ck_255f0e5888ae9e23,0.03955625593424141
ck_65be698386474170,0.0012106850274704523
ck_5eec9ed855c26000,0.002180605513106537
ck_5ab39bdc9610f6f3,0.5350828472404024
ck_1b5b75762f033462,0.009606047308487195
ck_d3e208671cf37f91,0.9732494390573955
ck_5068ee554ceff971,0.02114846832219324
ck_d7d50fb57fcb2d0e,0.0008571656853057412
ck_ba6e1115fceaa067,0.03817370183661653
ck_d07bfb16a4a7dac0,0.9519828063305218
ck_ead68310311690c8,0.8891169839903955
ck_ee53ce862bc9c111,0.022947850645284238
ck_97e56e6037024dff,0.0012566313185412622
ck_80b04344c98ec072,0.008453830403594527
ck_5954f45a2ab45f43,0.02557244487589441
ck_18ddf7e836256e3b,0.02039394485370229
ck_89a1a780144d808b,0.008212327336250332
ck_a7331e8b808c39aa,0.06192321800089224
ck_a1fd0ad03ff9b776,0.03206571015773308
ck_c0cf50eef030b401,0.0013157224629366383
ck_074f20921189e7d6,0.0030994053481329434
ck_e2aa7be60794593d,0.1552926905882626
ck_72771757dfb7f7a8,0.02358463347400509
ck_a9cd84a6dddfe584,0.01620300310256244
ck_142c00f9f8557504,0.03641480867698428
ck_221b5d40358230f4,0.01838406250568683
ck_a2d7a563f520b7ea,0.011026707462745027
ck_66cd34bc568d95e0,0.03555910427836052
ck_a17128972d3e507d,0.004525693720921971
ck_bda299466bb2136e,0.02516872980415244
ck_2b699066665abe8a,0.011361178880025592
ck_0ac9848bd4ba0c14,0.0014452023863029296
ck_98d2f9a6ba3a3077,0.7564628729904033
ck_a872df31b28a5f7f,0.0744204066469318
ck_7e73e1d44ce82ed9,0.005175625031185347
ck_1a415416f620d49d,0.013235677538087534
ck_c95c786d2f8b8edc,0.00873384643959
ck_e45012f22b7f91d5,0.0035461433730767733
ck_aa0b083e2a6813eb,0.062352087656685075
ck_4666232ddbf77756,0.003498165855685876
ck_e08e9c8ec5f23d8b,0.011752340594882196
ck_31d4c0518e5f52c6,0.004579409373043066
ck_c1ab40638f04cb02,0.01377974740575966
ck_4c1fdd1669c7cf51,0.005543085820117951
ck_11662cc7940ffc82,0.0520160242867376
ck_2e679af24adedac8,0.004074031360076618
ck_454b9e21b7f25a4c,0.0038183817926202746
ck_355c4f29089731e8,0.6715841044113635
ck_507e40760a24d2d5,0.03323936347767667
ck_0943e0f305078e34,0.983095605598459
ck_abc54ed7111e9ed1,0.0047876951739328115
ck_a60fe02fc04407a9,0.05694938891060406
ck_244b897bb4d57c1f,0.008013000750413989
ck_8c84fcde93a04334,0.28854780294088395
ck_9eea37d2de633b27,0.005823938044354321
ck_b2cb9e6610eca967,0.008122767236711369
ck_09aadb4c41b166f1,0.35763588147623365
ck_8d94fbb4828ef326,0.002716175866872213
ck_089e3a07abbe3b8f,0.007372705129390043
ck_dfee9de05e3971cf,0.00877728271293765
ck_6abf8302ce052451,0.09794074843747155
ck_6ffa90143838a4a2,0.004223026166080496
ck_325caeab5c7a9c3a,0.007337409071441785
ck_1964ee9db929a173,0.8048394625936934
ck_942b95988a6245a6,0.046095299224579445
ck_913ecdeeb8e21a9c,0.0038015777665369255
ck_ecf9794349eb4b3b,0.027722142869417637
ck_b6cb8d6ae828eed1,0.036136468620370746
ck_2f82ea66c4f53b33,0.13558740367294794
ck_6e676daa4855b58f,0.03770417786440482
ck_2a37fef48b44e9c8,0.03745451319790444
ck_3bd12d468fdc2450,0.014948942256908135
ck_1a28b6a40a6bd3b4,0.06733477998822882
ck_61b79dec96d15713,0.0020531631098520487
ck_31d5e3daced93d3c,0.01240507974657763
ck_e6c8611c0cf233d7,0.0025104880226174734
ck_f04761b4a937ac3b,0.009134835911345297
ck_38c1c75cf055031b,0.043418889266917594
ck_59a561f3df01441a,0.012627235795687105
ck_04e40f556a5062ef,0.004836735701977955
ck_8409716d174635b6,0.006347854685892204
ck_3019afee83342701,0.020885507758138404
ck_b51a58e7f032c9a8,0.04410339382395916
ck_5043e474f848346d,0.029203141690112
ck_4388abce33ecd01b,0.6958515849005892
ck_c93def7392f0aff5,0.027509354838978053
ck_72e7b1acc19df820,0.0106793173266935
ck_f253130dc3ca5b3c,0.013905309477410636
ck_eb264d1b180d4b4c,0.09268942082824091
ck_c2504f5a113433ee,0.004706264463763597
ck_c16ab1e4dafb4910,0.45688381805918205
ck_4bc42878fa180991,0.036565039066247335
ck_1c771a7c78f6622c,0.06861949027888375
ck_d523f0e50a2747ad,0.004396174530855506
ck_9060f4e7ab7a1b0c,0.012085279866877999
ck_6b55ec4e87a5e22c,0.15372456484596309
ck_55fc62a5f89a7251,0.021721423539084215
ck_bd2545c62f258231,0.05338668415031376
ck_1ccdc69d0bb712b4,0.015382902123365485
ck_710f867a3bd5898c,0.0028268364777266092
ck_f91d48c40337d375,0.009206110244214173
ck_f76d929541ed41dd,0.0197653952344977
ck_e26a6659c237b650,0.00773697483053729
ck_184983177b73dea5,0.0073796019815058865
ck_6d0d081bfa8a0022,0.04101680452223499
ck_2f6e64f638da0f97,0.0019074476071553328
ck_15b93103ccd38609,0.012976612889360271
ck_094d10439b7b4eac,0.005908167354893971
ck_d2ca47180a926ba2,0.015013527833857567
ck_a69ca7b9d70972bb,0.005674100031859805
ck_68914e67343a7d32,0.011814859458970697
ck_8176616132458c0f,0.008556719745451243
ck_eee99af3598311b8,0.08351952776712195
ck_94410eedfca91304,0.04638828923323279
ck_cfb11a0a2325bff5,0.005991676054404621
ck_75217ee144b715f8,0.08979009096893144
ck_d56fc799542299b8,0.0014842217470396042
ck_4c352dd3e7c81269,0.039970130172589324
ck_e23e50e02cb3904d,0.033537069675638
ck_b921af37d500e139,0.00970095976246849
ck_82181b935360dcbc,0.9815344168878497
ck_22a7cf3b99c5e5fd,0.011110046142050252
ck_f67ee7910d532216,0.013905104324834288
ck_5f48762a14a0326f,0.004207785617109897
ck_1757fcb0e6e3f88e,0.05500571920195074
ck_2c2f080ba185016e,0.06776780744264908
ck_4c25570eb72711b8,0.0018681211823063854
ck_a3be871ca22ac416,0.015395739318801154
ck_ab70961e7c6695b2,0.005605890575602402
ck_a1cdebfc42a52448,0.0019619089707397096
ck_f1b80b821a20186d,0.024868464960426957
ck_ae668e4564cd2aa1,0.0022537227509227403
ck_0e2bc3a5afa439d8,0.0728845425330727
ck_3dc378f37d0b74b8,0.02940881973735855
ck_9f9555197480d1cd,0.0064142375994655065
ck_bf4e7d48770a4a8b,0.0540899601794358
ck_614ef655f0685060,0.003245780701725071
ck_04d2ea38ee27770f,0.001971968351847254
ck_e03a9d8ac94161d5,0.003944205792901012
ck_d4007b5b26d9d854,0.0006603261465592405
ck_2dd147ce6d61749f,0.013164496266810415
ck_ff45764ea7d6619f,0.039624448734940206
ck_dbc487cb0a6c18da,0.961861485026797
ck_791d5392bbd80447,0.023111616087605563
ck_b4068439c413b150,0.027959619554546428
ck_85df7b7de9700aba,0.0018718063477605594
ck_001e42551cd06e40,0.004076665761893813
ck_a6c02ae50932cd9d,0.007445472594304203
ck_9fd0be2c018ff5e4,0.004750433345084949
ck_32a495128395fde5,0.004378079455195971
ck_b6f2a2fd232c141b,0.033894824484779665
ck_28dde633692904b0,0.023800065266816342
ck_a1a93c5f375f6021,0.0030139113440871127
ck_e3982142336782df,0.07785467769080118
ck_a9812ff3c111ea94,0.05663246558603399
ck_f04062216f95fa00,0.03227666662030368
ck_7c560467daca735f,0.0005819643077798373
ck_76ee10d6e2dba70f,0.059987614298197066
ck_3521243bdac61178,0.012783249837459267
ck_28588fb03b320520,0.06200489774797873
ck_580dcec33ec232b8,0.0075387867349921995
ck_7109923fd7dab20a,0.01205381648462663
ck_7c872c99481c1e9e,0.006939746264837804
ck_46f4e1f5026f4d1b,0.0005954429622258204
ck_00d1ebc31ec4653c,0.055604056427944616
ck_aac70764dde15168,0.014833609518553146
ck_648c03f9aa4e45f1,0.019510565560329055
ck_5478eb69ef912785,0.20336105444427038
ck_79b8523137bb2603,0.02386359009997791
ck_795c49f312640019,0.0004521724261606671
ck_89184bf7b7fe41cd,0.2327272655830982
ck_97d4bd922996fa10,0.005248389920437461
ck_1cef30d08f3a598d,0.0011266872051545402
ck_2f9fd36a4a40a6a8,0.0015616696920480904
ck_40780fc0f8d6f309,0.06582939338240013
ck_9083ca9fec2a7f4c,0.0045670888807453295
ck_62081bc35aa59931,0.007259211280742003
ck_2e1b46c5fc56b863,0.10395380393213106
ck_3d139692c51b604a,0.061293031642730623
ck_b5e54e22e3d6960a,0.0025560592534965287
ck_c0c4be3f44311b04,0.0034947367553415797
ck_82a8bdd2692c2a5e,0.0024759506739892153
ck_bdd2da300b530c5a,0.010807660884910822
ck_ee40498cd97183d3,0.01135741739182649
ck_70b9274473bd6dfe,0.005598324394515507
ck_473d6314ea614b29,0.006279566889487516
ck_7443d6dca8cd1352,0.005637176420275395
ck_3b49768b448b071e,0.010393215815064962
ck_b43f04431c267dea,0.0020481304883623406
ck_4424a5223ba2fe00,0.014112730808226923
ck_819bf3e8231f4081,0.0555849921857065
ck_91d417507a8c58cb,0.16301149009788293
ck_e88e86b19cada4aa,0.023944521714527517
ck_59684167f9c6bf4c,0.10993613618985999
ck_d5f5b0dc97b9dc27,0.010294326200134216
ck_13d1b192bbff8f32,0.01899905569701525
ck_b21d8630387cabce,0.0053713693627053865
ck_e4ac22046699b99f,0.004755557959655568
ck_74b848064f2ff45d,0.004855305806159391
ck_166aa980cc87fa77,0.062080384396469915
ck_98e337806104dd88,0.002115202085984944
ck_66eb09be007f0755,0.011826320765268858
ck_3ec9b9d8dd7be11c,0.01664380490721484
ck_8b8b9de339d75d0b,0.012398068957806844
ck_6715139e240007d9,0.007308772118542632
ck_a0255ab46e122d2f,0.0016283184671015808
ck_66e81a4190c33510,0.005130033023797052
ck_5d75ea4f5c9080bc,0.5088132653226927
ck_df69858b8a8b3165,0.0047915321870162465
ck_e15252ebd7553422,0.0022042901705054624
ck_34d6d74bb3ed11e5,0.0036052973291727376
ck_c2608f78f6851d10,0.07477279760889083
ck_bb99071e8f58c8a4,0.1189851551219213
ck_06010f0df5b7cef8,0.0311869996978133
ck_8c582eb0f6c0148c,0.008469812418992938
ck_0034d010d28aea78,0.0111864288436076
ck_01c1f06692566ca1,0.007845616002100923
ck_4807726e797fb893,0.02007370016298176
ck_edc9668282e3c8cb,0.02656606627480018
ck_5486768475af7bb5,0.9384704476336067
ck_3fb9813849e51837,0.01859507627044267
ck_861af5a9a9a6d619,0.004241347134606048
ck_da39653add0f1109,0.00763376949503596
ck_74a4244eb1f162e4,0.0011189196439390517
ck_9a930faade55b8ea,0.0025214031189839444
ck_fb6e06ca88519dcd,0.005480105665447729
ck_9776cd8263a9f415,0.006277716957496733
ck_b3dd1198ac5aea73,0.016210385502967908
ck_b6675a04df1a4276,0.010162328626827585
ck_5c7ad6e731b69333,0.24955813841269076
ck_28dc0fdbaec00580,0.17566095659261372
ck_8e7a32f7e3905f4e,0.012363298395573014
ck_8563fed6674afc77,0.007058682916041678
ck_9a2fcccb82da663e,0.012670565318822631
ck_6a519bdac0d94527,0.001136337436837302
ck_a0dab7aa9c4a39a9,0.003053685749047022
ck_a3ce05e9e5e32142,0.00709878461447295
ck_7a7e40ee3f97c035,0.2612083136827627
ck_9e9a830785112a73,0.020472473263362337
ck_ab1bb02f6b189304,0.3069427575692446
ck_7b8cb0f90fbdc8c6,0.007400123312968412
ck_b138fc249e659e60,0.0060814957350725654
ck_e73caa3771ec5e0f,0.004615069865562001
ck_18a55b06ccccd88b,0.011260864638939466
ck_fdcb1d9265d8fec1,0.02595361119841485
ck_e21a900556b382ad,0.006523565208012479
ck_c6bf67470f526771,0.025990564857812808
ck_b568ba3837afb39a,0.0009278547346659038
ck_a2858979dd5645ef,0.00376722694210676
ck_1da9d40837ebaa57,0.030775449200109554
ck_9341c7959543c542,0.0024779907659549716
ck_c8ad86806b9a2369,0.1214639791142224
ck_5c85d93ecfed4b0e,0.00355479684731453
ck_f07b09879d697b82,0.0019891187986736283
ck_fe43da07608b1749,0.008800646660914796
ck_4bca22b5926b9c28,0.0037061345342757914
ck_aba573aa942b1d41,0.004302037544087679
ck_57c14e32fa4683bf,0.002638968835690692
ck_891530b489ce402b,0.002544762988355201
ck_5e74fdadb93ff293,0.10527187680153774
ck_14436a409ebcc90f,0.007907282041377962
ck_00013fdfa0bd37dd,0.004685803330590321
ck_7dbe24ba01316775,0.07417249947161457
ck_0e3f80c1553c591b,0.008871215960979296
ck_3edc45db58760d76,0.007571251215088774
ck_29076a13f539187a,0.3032187794733141
ck_b1e81b58b9a545ce,0.08002326551130823
ck_3f8571d4f7420b2a,0.06723672520754345
ck_7dff6abe4bd644dd,0.626265589941341
ck_2884bab237af16b7,0.005443798075438162
ck_231e6dd1fe708000,0.005619722274571538
ck_33ecaa7b892e73df,0.006155258666822403
ck_b109ec4c63503030,0.0070065245679749475
ck_a7f522382509cef1,0.0014013738574054787
ck_748b3ea941d8b3b9,0.014571568258419116
ck_29f3a1737a2d9634,0.007056419402438105
ck_cee8d42475a0f020,0.004368709015329936
ck_c6b6ebe145a8ffab,0.005267538123988058
ck_21c99e1d6b881894,0.0024402463391128876
ck_5ad798286384484e,0.02557285846386532
ck_b621b6ffcc7f4848,0.0040327251472388175
ck_ea819e337233475c,0.3639881798001885
ck_9e3896c2668ce06b,0.02218605828379043
ck_501dcf1ead036d2b,0.0071918338571815305
ck_8d5eda29a2cffa3c,0.007192868447932489
ck_4d3aa36ff83f1132,0.059202738216235944
ck_8e9faf94e3e6c757,0.001215202142944244
ck_ce0ec41f96951048,0.029732365357914438
ck_f09165d73ee903b1,0.009150357647919532
ck_a432b1bf1d3b3d5e,0.24492389074913254
ck_ea618f720ff0b4b0,0.005198774448894931
ck_7584e7bd755cb28a,0.0038862196401110863
ck_e14681aad43e1a72,0.03524686587154501
ck_5e18870d8e30e379,0.0239447134584716
ck_ff7c26a62bda8089,0.002219175485092885
ck_cc5a35175d381d5a,0.011155086965263218
ck_3c25029e40aa8a84,0.004461804027971766
ck_771247b5bc16c12a,0.0049495311836039516
ck_664b5e02759f985a,0.002497305012345967
ck_692a9e8f504b9762,0.0006352758476627392
ck_df8ad2deb0a4ffed,0.011890957183927351
ck_eb48c0bcd12ea654,0.020238749933144604
ck_7c77e597c951cdad,0.012170455868325204
ck_4f75144c6f3b13ad,0.025482228137338674
ck_1bcff399166d7c43,0.009000857173096696
ck_975c2aa3d4a8c51a,0.008462453530248024
ck_bc6f07b06aaa4ce3,0.25258595295793973
ck_80b072b7f3c7e8e5,0.01012632910766909
ck_471e4018a23b4e56,0.019373002066180842
ck_53cddfba570b4a3b,0.012230234338783454
ck_630530e50764f229,0.021462211947923634
ck_dcef7887a4f1e435,0.0671654823378381
ck_2795921a055643f6,0.004024763046102106
ck_7456df89f3792235,0.002145636511072761
ck_5014a3b07e1f049f,0.5763818477733309
ck_d4ec44760cbe03f4,0.01565273689493623
ck_96810ad39d4cb7b0,0.020127220087887022
ck_3222ea25aa29bfa6,0.0027754088627948586
ck_f6c42001b84a10cb,0.1811348247550881
ck_5ac86682385c86b8,0.008630042581174802
ck_4280c33af57eb4f4,0.0014907518425018467
ck_05f79ddd8eefaa56,0.011012470380250994
ck_3a57a13ce032a6fe,0.0026679826698792204
ck_a721f0d635fad68a,0.010596589791166995
ck_a3f821bdf408c326,0.005446911273918466
ck_0ada63008be5685a,0.024345126810474658
ck_8c949bdc6e8720fa,0.07350964624008509
ck_c0d2c56f9c722e99,0.9783748314966059
ck_5d2b9e6e087b8dfc,0.9951550227809416
ck_5217b55593a332ca,0.14915851112901188
ck_7a7bb9be5a7e48ad,0.011595612810097442
ck_24cd0d779e866287,0.002542180476247476
ck_7367917891a63771,0.029547155844271086
ck_4b31a8862a857e6e,0.9205794107758325
ck_81429c4910ca46cd,0.005522469668144476
ck_b35d803568f82d9a,0.022005995864294248
ck_4b00e75c2d2d0522,0.0010068685684718971
ck_77fced07f6dff42b,0.010492871814685115
ck_3c9a06eb07c300e4,0.001956546917788142
ck_b3867f7f494db64c,0.0009976764730292155
ck_0c45e54897ab34e2,0.07938088771407092
ck_507a6a580ab55c76,0.01988920243720515
ck_291bffc7809f896a,0.001416584824132588
ck_3753cc5b9d02e2fd,0.004487293801904888
ck_4f63d5245b3ac1dd,0.027624885251959802
ck_9dfb2ae78659240a,0.03787521721500895
ck_90f6f5ced708aa75,0.0005608910529398004
ck_8b5b5a6b5539e39b,0.9063365014971195
ck_4719112b55d20161,0.040504766715810436
ck_fec888a7108ca52d,0.9925036533960435
ck_4f5d022c99f118b7,0.026416484258010964
ck_e967ff05514b697b,0.04043675933368246
ck_839ce35819bfa4fc,0.0018964994197617046
ck_bdee1221b9addff8,0.0030622068710883395
ck_9cde4036d0914427,0.012249037357078638
ck_5ac959cbcc5e98f3,0.003487828958446267
ck_619842688294dabc,0.0023317622796743373
ck_7373d7b04c7799bd,0.026595934855766987
ck_c1dd3feb9a0b6471,0.01609704618821169
ck_0324a4812ec319c6,0.011880955001600201
ck_7f3685aa2933b251,0.06866153351293763
ck_06aee5a62a67a84c,0.10700552840563872
ck_3428910b44b9d08f,0.0117720678765378
ck_c3ba7534cefc1de8,0.014657074464604172
ck_1f1273a67cbad5e5,0.5810076643315025
ck_124565a11b2f8bb8,0.008640613411360637
ck_38e46bc861e0165b,0.01630527035236721
ck_c8ad3f01319c065e,0.0842396385760912
ck_3f94a34f5038f7c1,0.8060096578922138
ck_cee56be5a502fbd1,0.1733032867759532
ck_2b90b76cf4d162f9,0.010078227648435915
ck_884b2e463ff1d54f,0.009966964111208588
ck_fab4f2f8531b4827,0.019611064090703352
ck_4fc6256e0e60a926,0.01222063546531973
ck_0a2f8b2f8a5b6f02,0.020153978739108472
ck_9c0deab8a8367c5e,0.0015489429402217373
ck_d3a2a4c011fa2554,0.014086199629894833
ck_4108b4038f762817,0.25799166626899395
ck_4df036e2aa7e1056,0.007907844240389601
ck_ec094eb1cbb3efc5,0.0020453428941795346
ck_09f8f51bfd2492c6,0.008788058080302988
ck_b60fb9a10d6f4489,0.03690794056815568
ck_3638bc3388dbc1bc,0.2144967213336219
ck_7a58e0cc9943c39a,0.00527879362488589
ck_37dab6a0a536ed49,0.04208202900091145
ck_adc576690df5b33b,0.018538981524167514
ck_1383b2b1875000f2,0.010280304925117134
ck_43c1248db37a2eb0,0.003299941170611691
ck_29c11bd68858e923,0.0017542490019644837
ck_9401f9e11f65337d,0.010122751897704067
ck_ce5ed372b1a2ed6b,0.03932540314395827
ck_08b4619490e751a8,0.9545941860318782
ck_44b9125526acb05d,0.031395073910146266
ck_ef1a1de20d2124cb,0.02456683864798269
ck_e5e2624b7fc89774,0.03341629748135821
ck_f5100511609b92c0,0.0008173529058310994
ck_64f3bb17101b7c42,0.010003387466967125
ck_ea1e5b5128ecba2c,0.001673334691775177
ck_516163fcf04d5e77,0.007358831517410259
ck_7f9a748110d70005,0.005358011697196097
ck_d263b55f0a681cce,0.021784095123844747
ck_0e962eacf98a813e,0.005821548214194141
ck_0406931800e0e2e6,0.016646759692580726
ck_0e9b982afc88a3a9,0.9883113253938306
ck_8bbb625384edebd7,0.0020343650131586276
ck_5eaeb87bf6207406,0.9281761091362782
ck_cc3318839c4b0745,0.003733999213540965
ck_08a0355d1f1890ef,0.006131761015319988
ck_af7ffd1a822460d3,0.3417230024481222
ck_2a09c7aa870edb6b,0.0032061853980261067
ck_bc04f51c23290bcc,0.013401095976187242
ck_d3a8333cb389f4c6,0.008795087053786088
ck_88e3dd3039508332,0.0225234469446028
ck_b8c7771de9b57705,0.009903748034672226
ck_585ababa02383b50,0.002724608559804351
ck_e988c108754cee9c,0.00391227865552831
ck_4a691892d9d6cf89,0.0065705676164123684
ck_7cdce37d895eefb8,0.004611034019796097
ck_483fb981a1fb4317,0.004602452318958382
ck_c1e5182bd99e0e35,0.1273138316937301
ck_9a1e3ec9a1839939,0.0107443924851337
ck_5c3f13de0dbd5086,0.011653962277019533
ck_f4f6f0caaab70040,0.00411384805343779
ck_791be3378dd7d64c,0.016879599880569536
ck_956dd784525f5886,0.033527832048818935
ck_098167eaf124c279,0.034147417134532475
ck_33ecff7914349ebc,0.016242359080996853
ck_e05d44e46c7174e6,0.018972449472116498
ck_1b2ce474fa6582b4,0.054224269528479856
ck_ab581082e8f72e3d,0.011418405739058349
ck_e63256667aa19070,0.09430672593613762
ck_f568772b6cb3febe,0.02671013735877034
ck_dd89a282375bbab6,0.036287304660402225
ck_a39d0bca345b492d,0.007668242731632339
ck_d12d2924d0f7a64a,0.005520520892240013
ck_6a548da1728b5823,0.9836162509361163
ck_6d64193681d2a94f,0.01852309704059408
ck_ced6b6dcdc7c201a,0.006708091123138131
ck_d1b0699d26282871,0.04467166305935573
ck_58f757e40a9b8877,0.09571161735041073
ck_3272c2c4a37d5220,0.5850362420483646
ck_d94dfde9e03c9d1a,0.01893721147163018
ck_08a6d4903a7fbaca,0.014277771184471235
ck_6c72a36b05fa0f4c,0.04650921636624939
ck_dbb4bd4eda97255d,0.02029195326247488
ck_94b59bbc824b307a,0.003281986866746037
ck_0229a07185f15469,0.00615414021324683
ck_11bf1039f8b3025b,0.010179823376826854
ck_36789ca11459131e,0.10244806104085587
ck_8572c5f5c1447c62,0.023070794641293937
ck_9e75c6641939f4fc,0.08009180900591097
ck_b45e47c39d4dc7bf,0.014618805130085955
ck_02903c48b6cfd65d,0.003225402102833242
ck_b153386f1729de81,0.0069461174681234505
ck_36979996f33498f7,0.5274572635548177
ck_3c02d4dbbf6716b6,0.008180524361747283
ck_66c9a19963957531,0.06597447489228414
ck_bae8dae7cfd8baba,0.0009048446215055883
ck_bba0ccc6cd968680,0.047378758422084354
ck_3267fe3aac05c71e,0.006794479618110624
ck_40052cac10562cde,0.006836590793683893
ck_d973444855403e2a,0.01182429702808495
ck_012519bb095ad36b,0.9941537241368588
ck_ad7c256ea10c4a00,0.14286674288582052
ck_70a60e095e9b706f,0.001856932240524023
ck_f2734417c0db4ee3,0.003987794873741624
ck_9cb89cc3178e0172,0.027444367049548994
ck_779cc0f2de4d5488,0.06983142533893133
ck_35f8656bf93e3b3d,0.009392945166121604
ck_bdd8eba728800e29,0.02334127794972793
ck_002cf760d173f0f8,0.026398728163504238
ck_b046067c6ca3831e,0.004782864826059576
ck_a4a42d4bff8af645,0.010996444813324754
ck_bce253d2396681a1,0.010249180500639377
ck_00dafc060c8de32a,0.011304656053318563
ck_968a99e097ee78c9,0.13862366724337882
ck_66949171b387bb93,0.08276787938068791
ck_ad305286702b1958,0.0015422866152074062
ck_4732da7e0d2dfc7c,0.004156133996667608
ck_17a95bba77217d85,0.037513422603232704
ck_3e2516a3e35067e0,0.007897763245730478
ck_0b615ed566da1f58,0.02395465755906579
ck_d2b3ce1ebabe9f93,0.06183253455874995
ck_a892252e4e0c2828,0.005825187014663752
ck_cf606fd6ebfdf9bc,0.0024266859502603028
ck_718865237134ebe8,0.003119590882258111
ck_878522cb775b904c,0.07019471012984162
ck_9ed53de6ef779ae0,0.001899134350484106
ck_3f16e2cd7e6874cc,0.010842810766151529
ck_3c59df37895ead2d,0.010316306148562578
ck_6821459b626d492c,0.0017505070107793617
ck_11c7667920541587,0.006798174589326666
ck_23a016cf6b98d89c,0.05113658680320936
ck_7137eeb394d200f1,0.062697842589406
ck_9c4886c5c90ddbdc,0.00450060213918645
ck_1422a7bf7756294d,0.9463063448749169
ck_7ebc5fa7f0d3b8f2,0.022966090003126043
ck_fcc2059a8d5c41fa,0.13059014795610482
ck_00ff7389d6a83e29,0.022815660453607986
ck_03129b41457795d2,0.017432877576596544
ck_38ba64efa7c38250,0.10363526367733444
ck_57a6b56b09bff24e,0.006420725606049964
ck_e3b3c5a80a567418,0.0025786701016946383
ck_fc40a16adfced018,0.008369847467782757
ck_9d4b5e6b43bad4d8,0.013163087132608957
ck_61129937ee466b49,0.01719415287412244
ck_74112e47b8629c2a,0.0910409220241805
ck_b4703ee97f94d7fb,0.003641327625720531
ck_e560f720a988d8a2,0.12191376910101985
ck_708fea345f68037e,0.0019635704617524926
ck_25394c1b83e0b803,0.052453966194386276
ck_17ab24fe914ae44b,0.0012671825979342446
ck_16c501470d9bb006,0.0012003369125289862
ck_628f449e248c19b7,0.032433075929694924
ck_6d64190623dea714,0.0034093365115738395
ck_504a45ee08db72b6,0.00603460801412317
ck_6cbb011e0c70bc7c,0.0037311550482038492
ck_b3225a98acd04f83,0.0038146243636763724
ck_aa37993f1c17cd1e,0.03721219235835057
ck_558cfe5f77a55a9d,0.01216768780062765
ck_0d0a1a021efea5b6,0.03794894187385431
ck_daf7aea023b7a8f6,0.18479775558540223
ck_d75f25184ece2b51,0.005067490089436453
ck_466d4b5366c50b98,0.003373270666942357
ck_88f27ab479063852,0.010143822280546852
ck_66779098e78c1760,0.004898842505419542
ck_b150fe4efb449b05,0.0022295362047364702
ck_9c3aa9f23d01fa1c,0.003439071879075858
ck_6a01c375fc26705a,0.002458346450092462
ck_002eb6552b504ea1,0.007354018861877041
ck_affa5aa0bff9bb0c,0.018283206430163484
ck_027614eeba8b1a4b,0.007911525181796004
ck_67e075c982add719,0.011511562478635494
ck_399b0d510be98bd2,0.005790977312758325
ck_e9b0bca7368555ef,0.0028038927603980164
ck_59c29d9c57b4f994,0.0381763213268462
ck_37176850ed68831e,0.007302422757872321
ck_a0db4ccca08030c3,0.8386486633765975
ck_aa188e5c25f7f42a,0.015344537778476839
ck_7de6997178207800,0.0010222257832271323
ck_c729d19053387be9,0.08743364322539987
ck_f2d3e3d90608596d,0.380751361802644
ck_2db3fb565e0211ee,0.0017369170275015244
ck_bed8a480e27e911e,0.022750756625199205
ck_d7ad9921a4d25926,0.03320978793257525
ck_2a59f23fc5194699,0.08168584723099807
ck_63601a58a6120d8a,0.021944997533841146
ck_efd7b9e22c6317d6,0.011200507543672956
ck_9ab42875a0f95b43,0.05289689978714772
ck_85cb5033fca7c846,0.07565437803598002
ck_5249b223000915ec,0.019240041154908172
ck_3efb0e9bf25612c7,0.0041539483656333805
ck_678e74532ac19700,0.01703525349653253
ck_a980b296c95153f9,0.016712207111320897
ck_01ac687ce0d696a7,0.027702431007128492
ck_52e1418cf1aa9871,0.010728898011868005
ck_7d28da4f1dab09ee,0.05399264535253439
ck_010d0c2e6c1657fd,0.05770209290084322
ck_b524f7a2e752b9d0,0.006856456982545952
ck_cc447fcc24a0772b,0.7154679580942928
ck_2cb3c99845e572da,0.00204220939532792
ck_604c710141327a81,0.003976948221724546
ck_8d5fa65717d2e0c6,0.020910162486501453
ck_31199510b40602a1,0.009530612640685755
ck_49e253ea12f4e922,0.06793646840133527
ck_780738e0d71e7e43,0.007630240787628213
ck_2cd21137a07fdd7d,0.0037410181433196175
ck_5e021f2a3b66e256,0.02760442817724777
ck_efbc79246e32c66a,0.02316200468323812
ck_9951bd806c13c7fd,0.039122223837497916
ck_7a52674e2806d8f5,0.046348126136740206
ck_1a319e509f1efa1a,0.0016380910014565774
ck_c920901b9a4ba993,0.9250274847378046
ck_b71279e807d0b3a7,0.009026453597147703
ck_47e1032f490bb018,0.009943947668602062
ck_192579ecdca7ff83,0.012791273695304193
ck_b1496c474c4a3239,0.0011888567497904804
ck_5e68ea2c5e893cf0,0.0315135344556618
ck_f2ecab85d4693b4e,0.02253263920822367
ck_89d7bfc81c3df597,0.013545388300312157
ck_7929284327667791,0.04458373652108069
ck_494ec63c5ce8e150,0.06277723401675858
ck_319b059bb2145586,0.041263723179959515
ck_ccb3767c239018c1,0.001747783686130523
ck_a1c7adfe26e09a8c,0.019102434014270343
ck_0e13c4f73818149b,0.01747786591928018
ck_c285a51ed6214f52,0.026444472271627852
ck_916784595f028226,0.0841291986525242
ck_6cd8e0196365c474,0.007931467250662707
ck_57b657aba4daffde,0.08008208132786752
ck_562c76a3753fc7da,0.7582848047845869
ck_66cfc1ebc9a513c8,0.003203356528476709
ck_0f38d4aed68d7d24,0.016034586203925554
ck_d8ddf5e99f7859e4,0.013842659556501515
ck_41bc3efa0fca700e,0.040138126307056696
ck_40799e129fcf42c5,0.08810246793719527
ck_786f079389126e44,0.04668428926285652
ck_bb4c6b713eb0b978,0.05108490075080084
ck_4f01f7eac0efaba5,0.0078116450319342294
ck_47d29c01b20cf69f,0.0049803819807850685
ck_bf15a1f8d67a30d3,0.017219911618656877
ck_bfecad7586f65e4d,0.02530784224848928
ck_fc9f16df35190eb4,0.4258644634098001
ck_c09c914e416edd08,0.021683019746932822
ck_c54c5d8e4433b0f2,0.0010426686384758836
ck_1694c28f44480e98,0.013166298924723466
ck_1dcaa3078dbb7571,0.000888237002665802
ck_af559f990c640e41,0.00688154886039152
ck_9b436162039a77d0,0.03634179957008463
ck_79d62ef181bd0cd8,0.014122807306183425
ck_23caafc2cd34242c,0.006697459928665891
ck_ffe2aa26f597e552,0.006715591044123899
ck_e6ffd0754ac08661,0.0011163027959790542
ck_beaacb4a783db21f,0.004895630463855686
ck_9863bff41d24ce9b,0.01245766526612274
ck_323b9cc5c49f8ea0,0.17257832844088325
ck_ab3de3d3e41c2082,0.004503979673421901
ck_35c93b2924900376,0.003908363831737624
ck_5a9d5f9901e37e31,0.017517400853205294
ck_782b0be796164335,0.00486190816307688
ck_11960b5f1c7a5e2c,0.004580889545719262
ck_9a66cb13a9884cc2,0.014583646020516006
ck_ba666a425930615a,0.0012354702324284329
ck_40140bef4db73741,0.031867516077016836
ck_e05e91cc180063d4,0.12692969808247423
ck_c7f6f45710bc050f,0.0037055240175923364
ck_055fb9f2e1c8c934,0.08894462211565735
ck_58bb02d98e2b9cd5,0.019421096567727312
ck_d9f8efa6a7800f76,0.004584869334640066
ck_69691226c68fd50b,0.7588189887272068
ck_6f2f0396e5b1c538,0.9661316613229618
ck_78bc3f1d0f35ea6c,0.007794588627180073
ck_2d5a6b6636a2596b,0.0037930910136241927
ck_7878545739af0a73,0.0013420341253627106
ck_03c4fa4f3ed3512e,0.0010652462768431738
ck_1a9e51d092d62c84,0.41865053205111546
ck_9f3861940d8d873c,0.028753356402237404
ck_4684fdd61c6a0fac,0.014973811572225151
ck_715966f86d5c913d,0.003312023933816269
ck_77f293d44b4a3d2e,0.036359096350061564
ck_24dae044dc05f849,0.02251762253367257
ck_00b9818e2064405e,0.05300971991291645
ck_c1c2cb49c3c1b0f5,0.15559159341096587
ck_bed50fc64fbbf8ec,0.012978669191101248
ck_4f6ed5ea5ab7c429,0.005798586908332531
ck_458531c22ec2f9b3,0.010702488322216859
ck_51c50c4c443df31a,0.873827401569914
ck_732d45bd578dc39d,0.01265230661252257
ck_783fe5bc20cd02db,0.12282124921447109
ck_7f188aaa63d1d442,0.007960265421242386
ck_ef307a6aee38d1fe,0.9498811311217833
ck_e37196b20968b73c,0.018619096962949333
ck_4ef9de711c3d93b1,0.017171022207946546
ck_17946516d5df71d7,0.004484731282286859
ck_3534be0f4efd313c,0.03189886086903684
ck_29fbabf855cabdff,0.0033042053548283275
ck_191673540d8486af,0.022643682263671673
ck_5f52728d777ff2c5,0.014737530378683769
ck_a045a19369016818,0.9931956800290085
ck_4eadbe7298b15e96,0.012431396609398838
ck_a3a0bd59729fe619,0.00443583518516526
ck_a1e77090b1c6ccf4,0.004335980420476101
ck_69ab9d4784eb77bd,0.01753226188275214
ck_baa47383ffd50f04,0.009900981889582692
ck_e35b2ed08b9e55a7,0.011553787155988971
ck_b6e3af0a5119d9a0,0.08615709582190609
ck_a7c1dabf3869772f,0.13635428526716184
ck_80b8fca67a14e0be,0.5886644330500244
ck_dd9c5f0c42878e67,0.002493609709955628
ck_41ef7967faf5ce82,0.0007401480445253294
ck_a93560aa348d6225,0.04398911598076661
ck_ffe91d6f0bd93fc6,0.035462999196814414
ck_fbf630c960194033,0.01293887246883327
ck_497ed60723283c0b,0.02109071544416653
ck_2a46b7ca55239413,0.003592212176119545
ck_1a4e5ace078dd782,0.022520230884171596
ck_616cc31910f5de50,0.005467955832568161
ck_0d65bc749eb42710,0.04718277035533116
ck_2408db62e4395ccd,0.011522415512488067
ck_5d7721930106dce8,0.007717440830705884
ck_e8a6acea22b20312,0.17700435710850831
ck_e2f792fae128b18e,0.09242176141524178
ck_e6d3ce445b86003f,0.0019489661024007516
ck_263334d722ecbc97,0.4307758379791643
ck_8c5b29f6666d4874,0.022012937215617343
ck_7ea0bf310fc20c7b,0.8569714597002284
ck_54d463f7fd89ec3d,0.011991248153920586
ck_79e45040dbdd6447,0.04095193557727474
ck_60b4d59953505682,0.7414317349653247
ck_fb00dd5021642507,0.02014998326381946
ck_f409ff994a210601,0.04854543004894573
ck_2ca0020038bfec58,0.3392646661629587
ck_adf84b9df54c3d80,0.053029402470151206
ck_942dbf632591b65d,0.012106952382876367
ck_454a7e4d859a3409,0.0017185540685755202
ck_2139062d4569aa07,0.003242626486074085
ck_e949a0f4df0b3902,0.1196616849679951
ck_bb113e3e6716ed65,0.006008912010290936
ck_6a28ea6ce69cb869,0.2096559935453861
ck_7df9910af2bba21b,0.0031036548787471033
ck_78aa4b731cbfe251,0.0033287047266571394
ck_5839f5cbd8165b1e,0.01991221042748131
ck_7158ad9e58769ffa,0.04842740129872415
ck_acee218cbe61df69,0.029149237019266593
ck_f8dc8473c2772729,0.24330818541404153
ck_f34c93a8173555b1,0.035015622339463225
ck_7cf301d075e4e709,0.011390717638335138
ck_b87e88ee5512ea17,0.004164847989977788
ck_bed0c020b10afa3b,0.010245103641253755
ck_ca10102961f99eb4,0.0031243870478299914
ck_393287947b5c8d79,0.019234251861667766
ck_2fe6cac002142f67,0.05962515525198601
ck_79c7f0d29b1db1cd,0.04627349961946037
ck_c735b643d3cbf67b,0.003473173725523232
ck_ea4332c8fe48e2a3,0.005325239664203423
ck_d39864119cdd460f,0.004333405989036158
ck_3b963d6be2773861,0.005985620485209517
ck_df39e3b8a9fd0bfd,0.7348147061047617
ck_6236a461dc0d11a3,0.005109558359058399
ck_475ebccca25e30d1,0.0321487046983938
ck_c10c8bcf5bcd516e,0.0701482763509773
ck_49ccc3716a564256,0.009852861648120775
ck_4e4f99102f6938cf,0.0046660036859343295
ck_a97b481ade6f7972,0.028377431319038547
ck_3fa559c679751b3a,0.014150235408760507
ck_3eba1fd2c7acc4c0,0.470537661508946
ck_18c179b4afc4fccc,0.01169471426577392
ck_cc1c0b93d05b7d20,0.09841882889704906
ck_742f7c28ddd019e8,0.03749705830076011
ck_04470bc93b8a0d71,0.00826581562172933
ck_6e8f8ef7a03cc6bf,0.03518212892824428
ck_eb1ddfc353b4da83,0.0024034266371584343
ck_98831b57c7ca2e4f,0.0014791259026789936
ck_a6c7b8d6e8596d4f,0.015909441897082082
ck_cd7d24e3b095e96e,0.060576135079010884
ck_3f5ae4673a9f858e,0.008137558955096623
ck_05f375fc8ae0afb0,0.011641198940229183
ck_1fc98436281ee39e,0.0027559056467988765
ck_6c48c58678f64bae,0.0018894810052753298
ck_8c95aeec6a4c75b0,0.0027129605660774483
ck_364cde38958b7af3,0.41084616551048425
ck_85bf21aa1a00452f,0.0033791032960200163
ck_796d3eaabc667c23,0.9952702006095805
ck_ac449ee0c315edde,0.0021032171230465834
ck_6f9fd15ac6b163de,0.0025642157789984234
ck_4087065be2a45ad7,0.26913647087639636
ck_ecf006bbc78ee3eb,0.6021651215959902
ck_8ca808cc5a49cb5c,0.02693829688877444
ck_94b90ab8b2dfb50f,0.02106369806272294
ck_59fd11b3232de9dc,0.9135252181407076
ck_67f3794d93e2dd67,0.22424616377726497
ck_b7f5acf5df1bb13e,0.008067343839807709
ck_fb04ecbaebb774bd,0.008018146040732447
ck_68ef3e7301c621b7,0.012491094690181804
ck_41406cfa209b6bda,0.002081354985995318
ck_b0f8f5408662337b,0.00297549354772222
ck_0d2901bfe585c391,0.11396244299996038
ck_3398551e81dbf3db,0.021516008044893543
ck_61c3e3e277629646,0.017079332056493594
ck_2825e34dd3e7ea2a,0.004489438797220181
ck_20d7571ba830009d,0.013987442792196296
ck_c98b16f9a72a6568,0.0020879223445581093
ck_e7c8a9e4641eb9ed,0.0009654535048399664
ck_254a7c97c36dab8d,0.02587809869091612
ck_e98429675b46272b,0.005039832873346684
ck_c2fc0ac460786d02,0.047898651983411554
ck_fba15647b3a140d9,0.011148001744509752
ck_15ce50f2704227be,0.01963554049799556
ck_8c748aaa4a4554f9,0.023959375931757867
ck_e00e82a9419ff086,0.05112432845554318
ck_832341c98254bd84,0.014848807581809963
ck_27466468d06db4eb,0.06463791741371756
ck_9d7b9e3ff1f3e71e,0.005979678866362674
ck_42c6973d3a6fe983,0.0016116460968044165
ck_877c85bad118bc62,0.06056112135759105
ck_75d2a2715259c4d7,0.041166157786074443
ck_37d3e5c681a2214d,0.3678208596507385
ck_bf285dd49f372de4,0.010644716222419144
ck_a5bdd026fa9c50fd,0.0066614235844395025
ck_88d9244a9cf7a77e,0.8107875386596374
ck_5881b174e49b04ee,0.003189719966670655
ck_5b16d67c5ea89930,0.024544351760249227
ck_b75b936aafac56b9,0.005606339106459704
ck_aed2681e1646a0df,0.048577934578171854
ck_f63cb5e8cc702bad,0.012441865821400945
ck_1805fcfc4a9e4ffa,0.9582614670848354
ck_25c355da356c730d,0.007219702283173633
ck_70396398e4a96449,0.0019764858358014142
ck_0f743bd13373748e,0.017754969445815366
ck_4b387765f0e916cd,0.0025907934212673115
ck_e971faae8a10a260,0.002679347336702823
ck_9eb08369e983abfa,0.0014635009498961803
ck_c30c5844512e429f,0.059222485408093856
ck_59e77e3a81f1fa0d,0.022083084892035268
ck_ca4465f2b5c1a52e,0.9868098593696684
ck_c89b9ca398402f1e,0.0021610677064864293
ck_36e72ef9273e7a95,0.006743502836602975
ck_2bdd8616870e5e1c,0.0025459201777951247
ck_216e87a41de22b5d,0.02217284292396195
ck_60f4fb44f5efe3a0,0.001630696032929795
ck_05652e8ace6ce6cb,0.00120133881521959
ck_8c136dc691e65695,0.0006573674304709701
ck_a08f8dfadbdca112,0.0035353654539626352
ck_bda4041a3e90d860,0.004653170762410911
ck_15dd3ecaa8ce0245,0.7145570002433164
ck_3e3c64b3b7876ce6,0.02680933396398548
ck_46225858a38b2e57,0.006042661698354627
ck_0cb9f54928f4feee,0.021754022808678105
ck_152671fbf8a9a78e,0.05920808056705429
ck_ee7a515e87d17d4e,0.008524980389468546
ck_f7276091bf513d22,0.0006034062226196488
ck_4f05daf1cf0d5755,0.0038132422250326662
ck_83a69c4a5d55ef19,0.03206170363170262
ck_c50fed2a7c9198c0,0.010386866047172028
ck_70d19d5650ddc8f5,0.009942926636984107
ck_4b4d99e443618904,0.012434229987395934
ck_dca0b6ca93311ca2,0.12786502536946234
ck_b7431d4706461ec6,0.004741681218270766
ck_7b59d22cadef3b05,0.1550149000267857
ck_53428573abcd606f,0.016480039764723262
ck_f538ab6aecf2adfd,0.000823239828464263
ck_d321249fb065d2fa,0.07923458843210848
ck_72fdfc7e6d8e1436,0.0018842169547955401
ck_b52b99dad89ecdfb,0.028324584263443996
ck_d2d4282f9d256b3e,0.0029925510901557396
ck_c8f2a1dd8a6141a4,0.002239463449812743
ck_8d38747058d0aeea,0.6476321857365512
ck_3ac528caac74f563,0.020419669767815243
ck_8dbaaa00ad829ca9,0.016318765797919882
ck_7c38ec898f0fc21d,0.005623656461309761
ck_8171ef803f5ff604,0.025356559258411678
ck_01a750db6fc1168a,0.145763366796802
ck_ceb017baa26e98c8,0.05781418939998096
ck_e2c66c72cc0b0f78,0.026427797006988964
ck_8d9518f64b222416,0.003086402937604437
ck_804c5a1fa5753617,0.0066565077243646515
ck_fca7cc9c42695453,0.00550319570918636
ck_3a632cdf2c19051b,0.0441358548879119
ck_b2b63ea65edf1dde,0.01818158446716934
ck_27b07021500ee841,0.01211246675435535
ck_9724718fe64c6557,0.9594522200499191
ck_2786cbc3e75ec034,0.3072949601700051
ck_d9c2622cb6df380b,0.012053116784945849
ck_ae1da8ee98e402a4,0.011658337368918626
ck_62967b91504149f9,0.006220442049958713
ck_6b255bf68709109a,0.005515374078438785
ck_c55afc68421d85e2,0.01174989703054991
ck_7c7266f6ef2a8466,0.04147351514683264
ck_885cf685a9541190,0.9725971894791413
ck_1a4bb7d3d2ee3227,0.012189482152535208
ck_b4911c42f3bff740,0.0007787797040159938
ck_66f9f78d4c6a3edb,0.03592377835533082
ck_49bdba9ee1899dfe,0.01335577061647321
ck_79b235d51718435d,0.039937675417449435
ck_d840db8cfe2ef6f1,0.0028136968447312095
ck_610c7bcc1cd7ecb0,0.009869622328132575
ck_cf49b6544aff6c50,0.21858247568976566
ck_de05f97c3d40dd1b,0.07495475724398046
ck_0302f67d75973dce,0.013271119569922397
ck_54c2604c9ca6256b,0.007318136845930502
ck_a1c88c0568f142d0,0.19579094936338104
ck_5d72ff6cc2963d1a,0.003126762560182148
ck_0446920a1004c596,0.001979893873844708
ck_71044c29ef071570,0.007084158560545542
ck_2122e9bb1afffef7,0.003557736599154125
ck_d1e3de178601d3c2,0.02981692098067748
ck_bec8324a3587ef04,0.0035138030642048795
ck_b616b6f45225f319,0.06138173393589816
ck_ce1e695884511479,0.04465851496419326
ck_a662b4bf900781e4,0.0009725657717167508
ck_b5a84c5547378c10,0.001775516802110594
ck_f80af368cfc6cb7e,0.010622882108869948
ck_da3526ab6c5c884a,0.009205424085490372
ck_bd20be9a3392d79b,0.003218512080935479
ck_b8266dcd90cbfa62,0.005766121059714413
ck_ac84b33304362c06,0.04024714596297901
ck_794d8935a895e33f,0.06297472180811022
ck_8fea7d915259f1be,0.0039162037213607715
ck_7a1519ad5ff45312,0.0005835690681071747
ck_9bf3ce30b65f75c7,0.0806954824972104
ck_5f864d72d1eead99,0.1170295294841129
ck_3c48e0cfc2a58041,0.41814944962265027
ck_d902183f80cc81fa,0.03448819607127025
ck_539cb0d117db8cd3,0.28586703293645005
ck_28f530aec8e77130,0.03567863950918481
ck_e7d903c50d353361,0.354343292241608
ck_d288b77d1e227970,0.03084907999722404
ck_017208fcc01b5d40,0.004556326185325038
ck_7e3923d278a5106e,0.009547865314149761
ck_9700a00ff9e66216,0.02218171438495176
ck_5c36c78b7a4d138c,0.06247003230772353
ck_c457e9c9224b773d,0.01449894854386673
ck_1dfa91405d7e66bc,0.0038281882636333276
ck_f1d8a2695a575e56,0.007008761709891938
ck_3b92a46daf8d00d2,0.015656513315549316
ck_aab23b5470469649,0.01206324853856225
ck_ecdd01a391610d99,0.0023544532884875757
ck_abd3aa292f8edb4d,0.10637219485964279
ck_7fc9a0776e1339e3,0.0019403930803214438
ck_c0389ebeb0e65cb8,0.00224618100454995
ck_48d0fc4f6a2109fa,0.9940437856015312
ck_571dee4f3336c7ce,0.008843674866764503
ck_4cedf26628c84f26,0.07658409782317196
ck_63356762d24aab81,0.021686424011652074
ck_2c5bc11bb7ae5d2c,0.9520189670280498
ck_6d26a152f900fee8,0.006182831917100205
ck_c972b0e781efed3b,0.005306253414854817
ck_fa0ecbcf9a33d6ce,0.004075480353040654
ck_fa3a766e49dc77ae,0.005037181731591694
ck_7baf1e55db0dc558,0.01323986749179158
ck_e8bc49e6494c1f37,0.002543026636472175
ck_8ef1d05cc1e53e7e,0.04548851635477623
ck_cef2a485a77e0723,0.0023716017884559157
ck_228a583f23abff48,0.007382569037903851
ck_ac32c6e374782b27,0.048086622559524214
ck_b9485218cef413f0,0.006420590477750245
ck_7f15503048915d6f,0.0022813873340802177
ck_b62f5144db15ad34,0.09804899843830299
ck_917d82c552f95a23,0.02848287196884682
ck_fb4797045077bc6d,0.0017220139445226635
ck_2cf8a44e041217de,0.044607996492152045
ck_b7dd681eb3d2ee38,0.0022916249370660067
ck_e9e8cacd2fa35e79,0.014314974649714837
ck_342a79f91de5d1fa,0.02940993731334502
ck_2c91f62c05685ed7,0.010070824810439478
ck_e30cb64302939f38,0.020585820947545703
ck_d0e95b90ba86da10,0.006514422625302654
ck_1774faf414a5d49d,0.9204225377746457
ck_2401e8ff89e574fd,0.8617712703354743
ck_0cd8802264e0a1ef,0.013872488040299983
ck_da84a0dfe947fd3c,0.0035541069752009695
ck_c8affb27ba7fb5db,0.05825287405101514
ck_bc7ece8787ca7200,0.012728185150016946
ck_469a0578d05990c2,0.005995417293330589
ck_eef67f8dea702338,0.03895652558305337
ck_4f490e379e9ded9a,0.004904362264684433
ck_354379de065a8ff8,0.0031712526664301605
ck_5db1cb368bc41ac3,0.011053390154556005
ck_9b1c3742dd6fcb8b,0.015128689035005336
ck_63ce4f44c92d7143,0.06515987797218212
ck_e15e3390f5ed45f3,0.017289596617344992
ck_da645ea91d66aa6f,0.5670380083590275
ck_834ca727df855f07,0.13414730900291102
ck_e1d5ad20c737c745,0.043772014208774135
ck_ff8059ae5fa5f1ee,0.0008697308600031192
ck_8bb9e75393954a1f,0.0017600404846988885
ck_4e1757d1347ab387,0.9891355254875556
ck_af3f74b1d75a5d95,0.007893293261355384
ck_6b1ab0742ff04c3e,0.04978142552770325
ck_f56073911c9f1ab7,0.003130450248936561
ck_51bd5f69b4fe0b92,0.711492217332552
ck_fc3d95030b81f416,0.0004480999124922668
ck_cf78169633a1600f,0.0023724336910435455
ck_ad7269eaa65c67f9,0.019473522841876784
ck_cc6d33890d47a6cf,0.020631277204654155
ck_bc8f31f4a2ffa1ae,0.007738093883088539
ck_720776a46e56dfa8,0.006928458255102506
ck_e2d1f212f259539b,0.009149297109479922
ck_eaf6f7082c3db2bf,0.07087859938761729
ck_773efe58c6278c3c,0.0276269888344276
ck_c4a72c09f2fdacc4,0.019574348919249134
ck_8982888dd6611143,0.007175597472407466
ck_9d5049e195eda029,0.015413315711362256
ck_de58ef6f9fe2b546,0.008936324968493696
ck_c0b50c11e4f5adf7,0.05805896081872026
ck_ddaf228487858bb8,0.019192006132775618
ck_eb2323215ff70362,0.13148141306903888
ck_168c96a1a636ea15,0.01625331412285494
ck_9c46711b14d9eebc,0.0034562156135570965
ck_de8af660806b97b5,0.0018413928159376688
ck_6ab83f45bf16eaa6,0.008505730418195934
ck_bf2228a052815840,0.00318481101125474
ck_3f943f20a9da9bff,0.014299170259035739
ck_3baae40454c00938,0.006067059091423048
ck_bc2e771a1d8d2dee,0.0764225694502938
ck_e55f5ca37f30ce8c,0.006408101116966702
ck_4ad5937bef176d89,0.003776222635651264
ck_126531a9126c17c4,0.002054822213869398
ck_7ec423cb56257516,0.012884061524706267
ck_54748ae0f2daaf10,0.010708878609614152
ck_ff24776280ceeeed,0.007316747002894405
ck_3c3a1a1365741bba,0.0033187273176052425
ck_615277c8a4e2b18b,0.004533082691387172
ck_a96aaef34173aee6,0.1421359624224165
ck_bea56db7f3e930e8,0.003165269536171338
ck_ca491debd3b32a59,0.03528439621458749
ck_d9ea77f4114a389c,0.0021306363517523018
ck_322ffda3332d08a2,0.030552792714128738
ck_c40ffefe4e30b001,0.04055739963482353
ck_3b1d7648d4580bef,0.006441582498486143
ck_23981a3261674131,0.007802504651742898
ck_11667f5b9fac7bc7,0.001850857846648758
ck_646bb3c7be5f0817,0.02748551193047591
ck_ebd0a45712dcf07a,0.0311731323805659
ck_baf43bf1bd963f9f,0.018700524663293815
ck_e0ca2c819658f6b6,0.9909494725264623
ck_f0d6633d0834fff5,0.055723554454197036
ck_91081be0254878a5,0.008161631052880145
ck_1325000bc7f35b5e,0.001303322670063026
ck_c624b9063400fa3a,0.0585118256680728
ck_0ad6fa0e23c3bd0a,0.08177389032904654
ck_6ddb55b1f23c6cb1,0.02563719552235304
ck_dce1fb3acd65562f,0.005582599340748154
ck_a9aa389688ee5aea,0.008162714527070397
ck_5c5284c45d9ad8bf,0.04459385222728518
ck_9ce743dd3e92549c,0.031018572504959336
ck_8342e08cc2f9bcb7,0.0060346591883086165
ck_25e551a0a8d2fcc2,0.029884802123237016
ck_d4fd0e438c97e0c7,0.023023612016427584
ck_ac7fe1c344190c50,0.011013734356273812
ck_ddd65711b5651f89,0.003314429849192042
ck_ec7406cb5cbc8f10,0.004093146459837067
ck_1c65e8d5be3b9c60,0.3539021284555271
ck_38ee42f15a573e81,0.026478249577375684
ck_0e5385c70c6de025,0.005256692669281496
ck_d3137f0f7629040b,0.004204292836922157
ck_9129c92c12e0c8b4,0.0010483243940201125
ck_c86520a00e50a926,0.025802334136285358
ck_87f82b2b5fee757a,0.021492588011551614
ck_643abfbd7548d0c9,0.03637934135019754
ck_be51f4e5e6b85768,0.06169844317842574
ck_132c16312f37810f,0.0034802210859666447
ck_c78c096ca8cb33ac,0.0021974793246227115
ck_2ce5afbc014763b8,0.028815920506148993
ck_50ed8f4e7ae6710f,0.0068670288883676475
ck_5a4eb535c9a11993,0.009259896558583527
ck_9b665ef46d785324,0.007700575567731507
ck_e066f71f8b296b7a,0.003678464774999933
ck_560bc6017870ab06,0.005865923912775924
ck_fd78f8a8663646d7,0.0038181317360276765
ck_4af5ec61ddbde1a4,0.01736202542653466
ck_c2ed04a9d218410b,0.007758374341927161
ck_2455d43bbdd2bb69,0.011231129084612424
ck_56eed7041add49a1,0.26503939524487724
ck_5f0be7b468a72333,0.013587385534434816
ck_19660cec756632ca,0.005675880924708324
ck_fb90408f4892a21f,0.007618450585973046
ck_833a65b86a5d9bda,0.0004547766410978247
ck_2ac36e1dff211d38,0.03417933359479086
ck_c00e70606904539a,0.009243613540877152
ck_ba8affe4b9505a95,0.6107088787001301
ck_0c3dd22587b08018,0.044468589855070934
ck_618c4e5cfae99dcd,0.18542773000043425
ck_c9690baddfc4177e,0.0019123439033823498
ck_59fae092fb0c4aa3,0.02419230569952804
ck_e03b7d0fa0b28f4b,0.004657942529452757
ck_d451d24c780b5884,0.007382918957958358
ck_e980d325b8dbb8dd,0.0012919763270198654
ck_cff18e2d8c520272,0.0049413096709986695
ck_a0e46b67e986ab56,0.011495636592387835
ck_3a469039a5b9d963,0.008786540157583858
ck_12cbb211ebd2b437,0.02072910306857956
ck_b8cdd6d6dccc4554,0.003012702559381565
ck_794ba5921cef50c9,0.029180998541492642
ck_2c7667f64edec2b5,0.003780798878753415
ck_7262b4e0c29c942d,0.008844377046790681
ck_5d818522cbfe2a54,0.036861244657489245
ck_de39c1947fb675ee,0.13523385190782733
ck_c021495606b4735e,0.005286133089645755
ck_1fc03ba33edd9e67,0.045798738403222176
ck_a6fe344bbf67f14b,0.011376643131310725
ck_963762210edc5694,0.04155530301853065
ck_d064428b7e7dc409,0.0054696339928940975
ck_59be61b53d971611,0.014285159931237088
ck_ec8738ec663cd2eb,0.014391750282149797
ck_59d086fab5998646,0.014513649351797366
ck_bd32dd3b2cbb7888,0.9935426509832335
ck_ce0166addb93bbad,0.0017335087925523904
ck_7c0fdfbb447cdc04,0.01786451164856796
ck_cb1bd7635968ed8c,0.18699650917112481
ck_66f94903177f20eb,0.006797259655787343
ck_1d7cd5dcbcdafd7b,0.5270731288166814
ck_5e418a7c04437b4a,0.03972663917013616
ck_631ea1ae91ab333e,0.027033309628168117
ck_0a8029e79a5ae7ce,0.02548499850525703
ck_c4cca8278bdad9b9,0.0015632180390568573
ck_4dec3df58077a257,0.113747316249875
ck_609c249edd88c565,0.004668649572123833
ck_02e5f9cbbbf2f078,0.10144583141899097
ck_32e486859130458f,0.7811074518895098
ck_21ed2ea6386c5a07,0.001550971873175177
ck_1242aa4496576a99,0.005537272806132987
ck_475ea9aa6d3898b7,0.047115840134804174
ck_fe1b1adae3be70a6,0.6958857090989894
ck_c5414d7a8031d4f5,0.0032802621798349377
ck_ca1f6f01868e978f,0.021499547558399387
ck_5eff0208c74ec714,0.01238452638268485
ck_a315c9619a317609,0.03262982200288814
ck_2b87683c90acb852,0.028287062011503893
ck_7cd9f39c50748ed0,0.008621086185857704
ck_16a06d58d71935bc,0.03938072802059271
ck_d116e0e7c19b878e,0.5070589221114429
ck_931510e384b1d0cb,0.008374326106427212
ck_e7651fb87bb24132,0.0027924433614661195
ck_88ef9f85948e1a01,0.0047297145213567576
ck_17bf38d51115a8f3,0.005316852094764698
ck_2659d1d3762a2825,0.010185619006032898
ck_a7285955e2852686,0.008835692714541488
ck_f2c33d5b65b321db,0.025346843708895523
ck_83e5979334345622,0.014405901420284235
ck_629537d8b4d0f395,0.011331144527037998
ck_72022008a92c9386,0.04548128068597057
ck_2973b8274f0bf69b,0.06207655343689568
ck_565e3418d2f4061c,0.011210469227942296
ck_54bb53b8f8ea32ae,0.9930310879537346
ck_af0a6540ea7a36b2,0.00631566247267178
ck_888651bfc2c8cf70,0.006101292121358115
ck_1dedcb48ac381a1c,0.18006150001173904
ck_f73273e220296be8,0.021162464798115264
ck_8424bf65223a5a9e,0.008058077067832533
ck_337b930fd149a696,0.03360156230310373
ck_8a4952de8a123ef8,0.008508068870486576
ck_884168153c9c0c81,0.004151683699013658
ck_fdda581aec411010,0.001822256419478748
ck_2b7cadbc8b180d32,0.8814138888700253
ck_8aa8b9968233a1ab,0.0018960049145822304
ck_0af18b3ce015d294,0.00898065441948858
ck_8dde670a735d1e90,0.07408840262324348
ck_62f46226f244139f,0.03086712017727187
ck_f948e8a8fdd79b4e,0.019145982480585855
ck_fa00aa0f3e859904,0.01605809038981722
ck_fc7935f784a4f249,0.002212652582206535
ck_e7501307c0698e5b,0.013708904515462268
ck_549ed417f2834cee,0.018648258019749762
ck_fb2a35571ec719d4,0.1569027480226378
ck_25822068c86c856f,0.0012785317354570562
ck_8f35d229b62c8f23,0.01013230168452883
ck_bdcf049c1e7d0c95,0.00849355242821736
ck_0aa9db36eb16422a,0.0017011216723919593
ck_42dcf92e9e016922,0.0681884610254939
ck_42341cf31c08c981,0.01152994141226506
ck_0b20bfc515ba42a2,0.019996364984930192
ck_0ec820b670d48098,0.0013065158872802346
ck_1f0bafec397da8e4,0.0493630062608631
ck_82f07504ab59ed33,0.07135761695027973
ck_337b24a474010abb,0.9977356327224172
ck_703703bda38fdcf8,0.008056026629069743
ck_01e7960c63dca3a4,0.9825416395239229
ck_be5bd81e3715cb8f,0.8869473930385913
ck_197f8058cea1fbea,0.0018149523646598528
ck_eb3fb1106f2f1b21,0.04936061904563768
ck_658b4b54be09a4bc,0.9869125003298892
ck_266ce7ccf41ccc50,0.010597826896396973
ck_110608c3b03d4038,0.2979951824013106
ck_1be8cb95d6d9bbf8,0.0020028727120181373
ck_8e16a64a776afa82,0.15961639062058097
ck_34bd190d37eda534,0.04529659364510122
ck_4f521611ae14ae66,0.004061204751164528
ck_d839798f9520363e,0.024940896924730633
ck_d1bbfd246c0ac9d5,0.04827208412892136
ck_f19030e6e85a6776,0.09905845874243602
ck_cdabe60ab59f9d5a,0.014465890327641173
ck_bb84b2b30293f566,0.5839002730694633
ck_427b91925952cb40,0.03330674735682678
ck_1078b1e155b5b640,0.010198926883632668
ck_95fdc264eac72fa0,0.0018886084610727394
ck_e35eb857c61548b2,0.9228928292080741
ck_69bd0b1abea7e1f0,0.40538218031316703
ck_59de511b20c842ba,0.10696974448967646
ck_168e7ea341a36b80,0.00399552328695388
ck_4937cfa6526ea138,0.023199171545264786
ck_bb1a981306b750ac,0.10790131122428517
ck_f42a43e4c3f34ccd,0.004204136057985316
ck_c7ae1d4b3ab38185,0.002794577457201476
ck_bd23cf9bba1dd33f,0.02120804148189051
ck_0fd826fad7ec7cd6,0.03730826334916035
ck_f143641bf3dd0414,0.06291089949199567
ck_ad6d48c20a3688a7,0.0028485144528816453
ck_7bda5b5b927b2905,0.09415922988962637
ck_a337eb38eefdcc88,0.05544885646807104
ck_403da2a2d800df9f,0.17096437863641914
ck_aa01d5aafde73d0a,0.0012728856763334477
ck_494954023f0eb309,0.03976019041794331
ck_1c6820fc38135ad9,0.01857643127276066
ck_0e0bab173622db9b,0.0752308960125711
ck_547090bf35a3b243,0.007605372346165353
ck_d69455220b21dc9b,0.007837188424304134
ck_90b4ac695b9c6bf7,0.002043744333105663
ck_8d2afe17c0082e6a,0.05492568203619402
ck_926b81c0ba528eee,0.005457929136224502
ck_ce36b0c287bd198e,0.03742904940513064
ck_8026e017909aaa6c,0.008056755856630673
ck_dfba788f35d4c372,0.008401111093154136
ck_f09f9d0e0886e0c6,0.008614695310610597
ck_4ffe0366df388604,0.024753070562653814
ck_75bb521de55644c7,0.006148510155134076
ck_81a960fddf79ecf1,0.9452317453099217
ck_8f43459991ea511f,0.0062831610658084895
ck_f878b68d66fbfd4b,0.0008654853769183241
ck_e84abfc0c747c9dd,0.9426605209636297
ck_3ad3fd3cceb56b66,0.9905824529635868
ck_7cf562578c7f158a,0.004965123110234966
ck_f81a97d350397306,0.019582016905775355
ck_255d87b7fb40caa5,0.02773919344003868
ck_b3905153b9eee924,0.017667313803296034
ck_2c80a592fb4cd6a3,0.0027220876249816326
ck_57deb202d4188a29,0.007183703854046097
ck_e3cb5f31d8e94448,0.9704879469380441
ck_0db62d5f7f75f80f,0.01875031672937324
ck_ced9163ea85589ea,0.1166613021035842
ck_e16528edc694fb33,0.9416446545171302
ck_78cc5ec4940fec3b,0.0026023182294628035
ck_31742076e9a998f8,0.0479007030340623
ck_5ac335f02280271e,0.011322305147921187
ck_7cc2e091806cfa5b,0.09543595301532004
ck_3152c7115257f084,0.005705806470533391
ck_ab1b9d019921bca7,0.013223941565615006
ck_c33a762d98f9b290,0.0034874121521619567
ck_b16a7c51b6f7a6b1,0.27364788019284786
ck_97402a153348e68f,0.0043959857891051396
ck_95391029a21caa24,0.03199098457447859
ck_c2015a1200971fe9,0.020793058130888206
ck_ed4427962c68918c,0.925941623558318
ck_c5e4a17d3efb19a4,0.2913035522887014
ck_8aec3d3dd51517c2,0.0014791417297264932
ck_f5178a658225d8e4,0.002590470983994874
ck_8594f165e95316d2,0.004311570352456131
ck_f0c4aac04076a6dc,0.010462594547281448
ck_ac2f7397801036ef,0.026977612858659916
ck_d1ea4bcc407c7d5e,0.006567681385238804
ck_cce8b6657a538fe0,0.018865308664168138
ck_66d0c6d6b67a8d58,0.0017152585997697162
ck_1a6b30320835e57e,0.01924880892427585
ck_8cd274cc85aa35d1,0.01867179301618749
ck_ada46085a78280e4,0.01849413264056619
ck_ce1b06623e4a815e,0.00454219139213785
ck_45e70c8a9686580c,0.08325339222853308
ck_0084d8ab6b1044f3,0.0061322603296341
ck_a5f7b6fed6df2aba,0.0640346636865877
ck_94940d783e7988e6,0.006063907705487809
ck_00f9ca84d1d8ae7a,0.0017139844745018228
ck_0deb56f3f6452818,0.00469489735126356
ck_a58e900469dfc3f0,0.00942429324577559
ck_028c41b195280980,0.01300369692111911
ck_7661d7ceaeb19f97,0.016168535889195784
ck_6957905a65c47879,0.022378287117614026
ck_f7c6c26ef3c4ae06,0.013512681710371751
ck_8777beb11aabd66d,0.016133269928693513
ck_7db098a17374bbf8,0.9812172836575458
ck_66aeb00e44486cda,0.3330906582057844
ck_838c52cc1d315ec3,0.02425882068564899
ck_1745847cd4e5dc83,0.03204343194890405
ck_201687857ec8b3cc,0.019706713550477678
ck_81818169208a8cda,0.012089833030404885
ck_3303fd3f64632c7c,0.12387993383963633
ck_edf1096809e83ef8,0.0007978109893798054
ck_235ce9603c7dccbf,0.05032233628643916
ck_9df7e153868bca13,0.0037956006476448866
ck_3cfeade2cf270fee,0.004988533429357905
ck_982b0bf2e2b6c4f7,0.002038210337676517
ck_faeb0da678bb86c0,0.0031042135357177195
ck_e86ad2fe815b6ed9,0.011691405718655066
ck_70d69e5d1bb99e85,0.012427512892369803
ck_7e9a8924eab779e6,0.9902995248067739
ck_019d5891103e7da3,0.00533507232007182
ck_14f0484b3817eda5,0.007163229321684535
ck_85de63d278f0fbae,0.001853133575558386
ck_ae91b4cff57fb3bf,0.024018340674624827
ck_2a6d43b9f883b78e,0.7866892320635016
ck_7a4e3d553e8ab5b7,0.11680393341783046
ck_fdf89dc69f700f84,0.18879295256588832
ck_f92e04024bf13558,0.0027382351003619144
ck_4a522ca2dc4831a0,0.0006390261573592548
ck_68ba25dc3385fea1,0.0801030124186804
ck_22128a4f0d033422,0.030213381215741398
ck_5b52ee0a13c71590,0.00353065775611992
ck_59472d17debedafc,0.004433671986688526
ck_9dde2c63acda3ba3,0.004224865456607993
ck_7510b1023cd08531,0.004974634965802503
ck_071ddaaf2e4e3671,0.007876038738627307
ck_1355db6f4010232a,0.007872793262115726
ck_0a7adc2f27f98510,0.06756117686666957
ck_68250033717cd59e,0.0028252707859275417
ck_7c12de74de30b788,0.6364061911224813
ck_65491367584c730c,0.033694014334320455
ck_e9047964952bee70,0.03775229940963532
ck_5567779d6ba184eb,0.020855631001664415
ck_d6ea026357ec6477,0.009629696253194443
ck_cd7dcc884e283746,0.02545174901390465
ck_0bd77fea8ed75a15,0.021383140488954035
ck_e80883208e8d0453,0.013811579856591375
ck_2ad0ecbacd5acf8e,0.9904470047379812
ck_6c1dbee7e8fdd5c8,0.007170994465953935
ck_ee4d9a7449515908,0.0026446587329706796
ck_636111f7f030496c,0.006393882207402874
ck_2c629c657f73941f,0.011121365151945643
ck_c1c9d3842d758420,0.11636144476824968
ck_e4df7faacdfe8c40,0.034338570422189345
ck_94e8142728e44380,0.019512179209169294
ck_765aaf42c5088545,0.006683575262483093
ck_e0f845159b6e6a4a,0.015522461919103796
ck_5bc07deb82edbad7,0.002019834188677141
ck_713159c5c6a7a4d0,0.9957241515758886
ck_b08afc91d9ca55db,0.020325347469607874
ck_a7bc323ffed2ea97,0.23892745579676883
ck_85ca825f905a34a1,0.025599390866752284
ck_33160c443d4b3f19,0.017344954222062166
ck_832d39c590a3ca75,0.838090930619812
ck_7d1661a34164406e,0.9892591153370135
ck_c2466fc40fc9d5ed,0.9825017374791585
ck_ed0e776c0926ce67,0.07386349695002943
ck_cdd2ebeec75bfa69,0.24620027266603087
ck_d7877684c7923ec3,0.004322383442505748
ck_7384d4d2406aabf4,0.014481458274854756
ck_b8e5244e650aa81b,0.024655211692378134
ck_25a1ea40b2d59254,0.0020056484357664746
ck_b9e5b318ee4de68d,0.003908118981565249
ck_620d7ae27af83cea,0.00776058535408024
ck_40b4e264d1a12b83,0.9229881171689392
ck_b694c803b62862b3,0.008889378206054555
ck_cbeca201dbade3e5,0.03979150480574331
ck_f9b439c9161c3e52,0.008693902022364449
ck_9880410fcd10a28e,0.0012514393334139865
ck_74928f5f91aa12b2,0.14099442493806344
ck_b6673bbe61d2680d,0.027041505036448737
ck_53c8315b5c30acb4,0.0048286908404991365
ck_78f01d78ea79642f,0.018403012915421936
ck_8582490d6e365a63,0.008012483312328159
ck_af25c72d16299258,0.003544195463181646
ck_7905fe8e257b0449,0.24658429301477544
ck_0d16d9349e4a9e08,0.00747660108948063
ck_31b16b8848584e98,0.03309404149355956
ck_67207e3eecc02d76,0.02500038823641582
ck_e6b95ff91116a592,0.0069248949939789825
ck_c08f622bcd6de6e7,0.04890797107421447
ck_f9a68da9e0f0bc85,0.002154196594831544
ck_4072b59388976896,0.007122885831042227
ck_8ec86e853ad52828,0.09470300917106678
ck_4fecb87eaffd5cb5,0.00519064200076135
ck_d6880578428b965e,0.10320809534607527
ck_bfc82b3c1c9f2897,0.9106708057637104
ck_c340644176ca03e7,0.019418594982187825
ck_321e740066fb05c3,0.7375718202627808
ck_8929d2eb09872052,0.09314282681577123
ck_205c107cec528414,0.666091525601781
ck_e76db7d2562f9836,0.011929846432115634
ck_9ede51c8434cff6e,0.015440426948420188
ck_492e4b89c61b7b6c,0.008068474039026417
ck_9385f5a1eeebefcd,0.059439209993472984
ck_ee52c7bf88f952ab,0.014492142688505759
ck_d8116c34302021d7,0.0016624922813840027
ck_01645ea51972e99a,0.03808093595988759
ck_7b45ed23304a854b,0.011674672960886643
ck_2096d32f3d497ea1,0.07964861533063623
ck_dfbb2056f1ef7d3b,0.007491062650491421
ck_938ce30c864bc7df,0.0013775384259552318
ck_ff30dda2c881a4bd,0.6409649733037113
ck_f88c79186a082beb,0.015030682878666334
ck_08c7bb0f9851cb76,0.25058375157063745
ck_2675e7a008e584a7,0.013868804859128888
ck_cbaf8a954281d4e3,0.9788357338608178
ck_8b24eadf6c72b30c,0.8361834918713077
ck_ffc8e3c1377d0706,0.004315500666626376
ck_5b59e859bed5b40e,0.01030084973706439
ck_7b61717f172f9317,0.9583267125409378
ck_e5c30947b732f661,0.11425853076461043
ck_bc273f3ce79f7e1a,0.004712280263020511
ck_f69e93388b3028cb,0.16240382887472668
ck_3837ad850996ba60,0.024955181714618933
ck_36d78ff3bc033ee5,0.014369626805247664
ck_5e20953547ba4135,0.06068512444245682
ck_258d661e450ac870,0.01940094678414237
ck_1df66f537496ca59,0.02934989397086023
ck_361f535599110201,0.017308963246523805
ck_337e98c69f6e7886,0.006231107123850386
ck_d3d5b2717cfc3913,0.022091000196054592
ck_b1dba768dbe7affe,0.04476389425820532
ck_92d782bd9ce0d1e3,0.023597489112016652
ck_26bd0f8898afc8ba,0.002385705795746541
ck_7916e53daab36745,0.07047516394912821
ck_2caf553b31831a50,0.00745173276431598
ck_c6200734c7f9b2f9,0.8479622475748162
ck_cdc55623cb16e6a9,0.014546578074294731
ck_57849e15b61c43b4,0.009975029003112274
ck_b7af9b2ee0eebbc6,0.022321826719002118
ck_00aa5fc3b3bc66aa,0.046738655263766034
ck_9929723f65636c7f,0.9914565957375442
ck_8f6cce9f69912983,0.018950108901707972
ck_c422ba389ff00781,0.0023873483708063002
ck_9ec7f334604a228f,0.04022831821240207
ck_5d01200ba3341462,0.012085322290946594
ck_2bf10be403849c9a,0.01745277292997402
ck_6ca018259f70858f,0.013607523587615645
ck_a54dc042ebb7c766,0.11026410318630132
ck_79da63fc100830b5,0.01432817710083236
ck_67ab6f9e05c85085,0.03321660627709777
ck_fa80da579ea9afc0,0.006223849897591899
ck_4339f86c87289222,0.7190615564429528
ck_a2299b4f530be0d6,0.42035568711766014
ck_19db0bf788697c2b,0.007718065227760476
ck_fa4211c4d826d830,0.0012340571098895913
ck_96100d5e8e051e91,0.004507174084919773
ck_5c3a671883d58b3f,0.0007570395781330566
ck_2d9524787cfe1ab3,0.23548181970904936
ck_47ab8e51e5b3a2d8,0.0036753689012540484
ck_c924f36bc1bbbaa3,0.010685546439770892
ck_5c58e7f8fd55e26c,0.0018237000153749174
ck_a07e7409d6d5aa06,0.022213893595678196
ck_c8413898f5f7cb7d,0.02874125271718099
ck_577c816b41cab002,0.8041620279058421
ck_9f7807ed64cdb728,0.0668123478831803
ck_495d814d6d6d521e,0.0018198572700795174
ck_7aa8bc018c2b003b,0.0020476908359885904
ck_7c3a6a82f3c3241d,0.004963548218771648
ck_487f7fbc290e4ae2,0.004882033656216397
ck_e556c4d36aadbe03,0.003190158835918593
ck_7e6569a1b2455cb0,0.0030317902063500763
ck_de2924955926d046,0.02519603946190278
ck_73d60b4630e3937a,0.0025287894678176367
ck_805ee564bd35ef15,0.05558344654782737
ck_0d40961e47797027,0.00363914457885171
ck_f06d00a4f9c87d80,0.004029174378881907
ck_5ef50fb07b6737d5,0.009373357906151847
ck_16541fc15683e21c,0.0026298066427090003
ck_09fd43f1b7e2eca2,0.0030823010305067442
ck_2a2c336a69b8d68d,0.047488712055546174
ck_2685f38930866af0,0.03364107765808319
ck_298278a9da874437,0.009651217019657581
ck_00bd7803f2530c68,0.011671722992473885
ck_c2b4a1d8c0b6c1cd,0.0006885269521418263
ck_2acb54ca20c3af6c,0.012357562529603827
ck_e3d4b6f681c783ab,0.013626813771345727
ck_f90293f1eba5d7b6,0.07798543654275451
ck_e69d27e8965df0be,0.0010645202212146154
ck_b7f5d10b427346ad,0.0045183756768144515
ck_1ce20e4223a936b1,0.01189123785011765
ck_6b97d1ab90f6bdeb,0.028480764436672888
ck_e30e17db5473c7b2,0.0031179097796707566
ck_154c8efb19dee665,0.01122138380622111
ck_6f5bb0c930644cae,0.9959872644956432
ck_9e17699baa83d173,0.008616517851151289
ck_9693b1eb70880205,0.006110958438357588
ck_1e97899875bb427b,0.007133226756940232
ck_558a82590f65df69,0.001588995330015429
ck_18df83242ff3cdbb,0.03113930077216456
ck_80ad4396e1084c68,0.05381399351607627
ck_0a993bc947bab61f,0.029360196629211372
ck_5c2d43ff841632f9,0.00816401257044911
ck_6e4b99fb9725d9fa,0.010558228086577973
ck_e0983999ca26c19e,0.0385964758353811
ck_6573c4947cc8607e,0.0645811944197891
ck_d879d645d6e44207,0.006599363264411105
ck_1375ad9f10688e4a,0.003216210591790184
ck_7501ebbf4e21f160,0.008938470233319737
ck_ca60d61cd4dc3bea,0.0017175807383099312
ck_ab9ea095a5c58b4b,0.013989729615238358
ck_23756522b58df5d8,0.0009625601511719203
ck_90bc176c43d85fd5,0.22248372651796672
ck_908b663b2dda94ad,0.08548702615058267
ck_4df2fb8e4b649e27,0.003618946823824348
ck_5615c6bbdef05291,0.08556973027325807
ck_b62f3e3185251f71,0.0012902774106750671
ck_38d1a22850178f33,0.0010409622169949442
ck_5b3ba20c8bb1383b,0.012842000713339645
ck_5576ffc6aaf6f22c,0.0005696889071447562
ck_cf7a022178165e56,0.004169802185396197
ck_f2c7a4c50e2ede96,0.02817935979169926
ck_285719c77eadf915,0.00231546164564996
ck_f2aa1b677619ab19,0.006373069208335319
ck_3830c58d841e9e69,0.4930861833301862
ck_32eba3510c8eac5e,0.004276012165648739
ck_8955d7b9030d5eb5,0.05769090165053209
ck_6775e387dace7525,0.021713061148414255
ck_0a0cd7f4be606a93,0.060729552354025516
ck_a9f700eee5d638df,0.008837163283991293
ck_3d7db96995745472,0.050813211055111586
ck_aeed557007d52e9c,0.0006731408256865343
ck_79b6a86830156b5a,0.018712804305535607
ck_6a1ff9d69466181c,0.9946214853986353
ck_f11b1565f986f5e3,0.012008738032081547
ck_4819327a78615485,0.0018799898299197543
ck_3ed9e081959b2f5c,0.013351968439605176
ck_16af4be191c47d3d,0.00137794048610063
ck_25122cc0e8b1a662,0.06613660632173696
ck_509c22828d467ba3,0.047422585732670046
ck_31109c899336348d,0.005303711205310512
ck_c51131e53baa59c7,0.004016760472161787
ck_cf8ecabbc61d3e11,0.018062484994211425
ck_eb6baff0f85ba936,0.017024771105566765
ck_777669e2243204f2,0.9506372802737507
ck_ac0ea27e692acdc9,0.019017881633459487
ck_4c6ea04ce8ca9e2c,0.0029404060997084438
ck_ca54b32fca7e94cd,0.004908089509369144
ck_4dfd8947f540eb24,0.010025480914156925
ck_95aff1fe27fb24bb,0.010664805980355014
ck_c7550723b90e5615,0.0071208006226647766
ck_57b3fee69bdf85e8,0.0017336165998595569
ck_f823407ace7ff064,0.10903758533400058
ck_a69084a068bcc8aa,0.08616921280431368
ck_c7b17f7b24bef5d7,0.022912944037547556
ck_7c4e588f927c27c8,0.01996576118225883
ck_77fdac602d0c6f95,0.141123283313278
ck_e963d8525018d072,0.01601153398128001
ck_6e8ebaea8f7bffaf,0.0009173856541469375
ck_aa42976a31cb7770,0.005562680528322701
ck_22c862a496008c96,0.9986904508396849
ck_527550dd15f38782,0.04554253898236692
ck_b3ab3c210e2c7c19,0.01862070789974682
ck_ed9c56fdb9f45ddc,0.4520231748542496
ck_b53281da70defcfa,0.010997481391141753
ck_03009b721568ee98,0.009260287563630544
ck_3d9afd862b3f4053,0.4761059744285259
ck_ad3c4be96599554a,0.0074252878067033595
ck_d1c787c27d50af49,0.01916562566558762
ck_c7a9c7b2eef46a99,0.0039016483639509967
ck_53036d3c6c74446c,0.13566371752676348
ck_1b1efbd9c0964c8d,0.1040420868411715
ck_d66f42a269d5c1ed,0.01762370431312018
ck_fefc49a2b8ad993e,0.014543955218887947
ck_8b3b874249adece9,0.06179028326379884
ck_193d9c87ad3f1dad,0.002522888468021419
ck_0c6a50d747593b7b,0.01385661274211574
ck_c830f3830875b47a,0.018948165954273226
ck_79e202f06d8dfe42,0.04901410338952683
ck_5c0fe988b8aa7fcb,0.29662404615649257
ck_a8382d8345f21e1e,0.003661732018623755
ck_8cb20053914692d0,0.042868666218861796
ck_1da2f69023ca4c13,0.002836837981096023
ck_38abb60995114f8f,0.02430806878670761
ck_f5791fd8fd8fd191,0.05870782254909729
ck_a4e6fc391b674335,0.6922097600290277
ck_bd771efb4a7e15d0,0.011262598059603125
ck_38ba4a6b6a292054,0.04758867130011054
ck_f7a07283345a0dce,0.003954641987243719
ck_87dc484baaf5a23a,0.0022714837603051586
ck_c84ef83489badbfd,0.056448052292746936
ck_a397cd64ec5d644b,0.005695693396554181
ck_7977135c2ff61e92,0.010504940208736675
ck_52174855b243a8b0,0.05237949456582099
ck_0f35e930d0614613,0.9920273959384995
ck_b170a7db522a0d6f,0.011919998544589092
ck_7af748a23775bd54,0.036288608430650106
ck_52f641c9ee6fda70,0.005694587461405985
ck_c3719a30414bbb4d,0.008205225924772469
ck_2baf214ad6bc0dbf,0.12248735810212741
ck_8b39d8aacfdd72b4,0.0206608270621787
ck_d39b0152116203be,0.0093388729402263
ck_ed33f8a937f9c7c8,0.010256518224040057
ck_8ef97b55a5fd6ec9,0.0009790525844260065
ck_8247f008a14bd1a2,0.001873681960109565
ck_f0d349d68249d5db,0.001570847960244034
ck_a544e766540861fc,0.017834439653487473
ck_9dfaca4c7c80b10d,0.052595816948566014
ck_7e5401c362b2216a,0.0013960199936898135
ck_64ff60c073fdb6db,0.03563035292664652
ck_fc5ea49518e5d637,0.0015456070815140928
ck_580f136ced341298,0.003685525140867829
ck_9cbef9bc95449dca,0.004980784990093609
ck_e475a3b8ba870a7e,0.006672919040444276
ck_97e94708bcf43563,0.013881956304174756
ck_13f03ec785cbdae1,0.0010574538981341912
ck_152820d8817f478c,0.006079733401663265
ck_d20d4ba60eec9945,0.006268121407277591
ck_5c45968a805132e0,0.02003465738531409
ck_bebea2cf3063fb24,0.009943008731171814
ck_c3c69aefe7ea1d2f,0.03660145662509803
ck_02028b72f26fe855,0.012143791867406353
ck_dfadff70a58a9133,0.002145075118022141
ck_6482ed4491bedcaf,0.0057320430726951165
ck_754cd7b4a5ae3f94,0.03539571282195451
ck_3132857aec8485bc,0.0007833212014405443
ck_7ce4ca91b8f9f1c1,0.005072508666863898
ck_41938582f4351772,0.00920365976135715
ck_f87d66946252476c,0.1621377729548546
ck_8053f1879a9b4e43,0.00118990708697448
ck_93892e91387f5103,0.01590801286609069
ck_15254db133b28371,0.015331200623631469
ck_d557b9feb241b3ec,0.0014804719933308621
ck_71c3a8e4c12c989f,0.0068887360888325155
ck_80e3041811033443,0.02022642230862491
ck_3380d60067b4634b,0.004121576047076413
ck_a9c2cdc758df8510,0.027737682693654096
ck_3c0031d7514da17b,0.07249483179250321
ck_18d214b1418be39d,0.01404307062708383
ck_7ce768407fd48321,0.02692413382324837
ck_7a50abd42298133b,0.014660261299050818
ck_2db10f987d137582,0.04624908028139225
ck_e077d004cd1d80ae,0.010972031924388123
ck_1cb6dc67f9a321b5,0.02366450491829194
ck_b864f64101149c35,0.22046572048046612
ck_9bedf54df9418e4a,0.011950970826954503
ck_c47e32c47f0e6578,0.182089902406162
ck_71f382d5e338daa3,0.005447395006956691
ck_14b4bf7be6ac2b61,0.08089970903058939
ck_5c87eea1cc07cc92,0.07354399160818734
ck_5f445182829ef342,0.020120791142129193
ck_a5d7311291caaa54,0.006688436686769063
ck_b7df99aecef385e6,0.0397253721309086
ck_3327a0582407068b,0.017394625593276647
ck_08dba09fd7dab896,0.038903386857890535
ck_f4ec334be5266378,0.014737193591886563
ck_240f7f894c5a86e7,0.008251572087617332
ck_a9d994554fc14a02,0.00042237415148930265
ck_13648cbd306eee6d,0.006618787093196328
ck_601edf9105b3c321,0.9784592408006235
ck_9527adac182abe57,0.1695561070988302
ck_4e0e80f5cc271bf7,0.0023956112590120715
ck_96a89e720176b389,0.06872734535461301
ck_63560eec94b76d2f,0.02836399963277669
ck_c9c99e5b19aeced8,0.0009512619541476027
ck_bc32655ee5ed643e,0.023690433252244632
ck_edccb5a93b741744,0.007016764584641909
ck_f786cbc987b70930,0.0036406288926579345
ck_0e8f26536ccc8947,0.026833511655595138
ck_b87ef4b98cfcec4c,0.015078696468320186
ck_1a9235812de4b2c1,0.01904395458853324
ck_d1ed88ea4211ba4d,0.00403551799919088
ck_a4ddac49657a4450,0.020364630453690774
ck_d9ffca35188e49d8,0.01878817643018701
ck_3db73bbe03c3d240,0.0028004254937095546
ck_fffa0622344a36ab,0.001763037778729075
ck_148c28df51bba5e9,0.913621504556462
ck_076cbc25c8f15fc3,0.9847628777262737
ck_e5ca550b39ed45bf,0.2664216992661338
ck_8dacf3a2061ca17d,0.025506848343880832
ck_2d7394afd61643d0,0.003774168354969812
ck_e42206e91f6a1752,0.0015019454969853162
ck_2f4f94827984c426,0.0009742456792332095
ck_edfe8e90e8f4366e,0.0044014579095167814
ck_646b15f753e5e9c6,0.02888975745682949
ck_66600620149c8799,0.0037937127130640716
ck_4ff6fc70bccfba96,0.14637454231143696
ck_41af3729590c2484,0.01099632230802416
ck_920a48ba8c583e96,0.005897897250249259
ck_0253b3e7be021306,0.001385272213526682
ck_2ae6949246ea2648,0.008395158882734474
ck_db23a5100f338d72,0.012622220722724349
ck_fcb2a559474c3493,0.02043550841951497
ck_0a4d7acd2a53cbbd,0.008254129141941237
ck_c5d62b2b7a6f3bac,0.9736019725327464
ck_cf59f4fc0ea690b2,0.008134850835521757
ck_837be8126bb19250,0.0015742183596806946
ck_58955542edee1adc,0.0015856006153694095
ck_1b93381d8eea58d1,0.005329742033185737
ck_97b8e05d62abdc14,0.006262755117127706
ck_71a0d645744302a3,0.005416778467586218
ck_a7b57882ab66b111,0.0012420769295966127
ck_65f76421be648549,0.014474807800652759
ck_b53ea8713d32ca7c,0.04929615487372579
ck_991c4c924a1d85ff,0.5273805599470466
ck_8432ccec1a4ec7fd,0.9938407094312143
ck_64c1633297f43788,0.0025204832847731547
ck_4291fd9c1161d8e1,0.024025889325219534
ck_5e98ed6391d9f429,0.030966651386793723
ck_c7baebe4549fdbb4,0.05915159221971232
ck_6e67225ba59fa5ae,0.055877989359838474
ck_719602def4d35fe0,0.021113405986054358
ck_bdee7c86f5ebe81f,0.046021486031920716
ck_8de38f8c7f91961f,0.08003217306998381
ck_b0b5bf9254700402,0.01582024243205662
ck_7b55d9bb1a250d4f,0.047463405037141214
ck_3954b7b0fd1d6614,0.0008767087904499117
ck_f29471fe7c818d6a,0.004321202241131384
ck_9e65a8a2f587691a,0.008275039911625658
ck_eaec5f1a83b66eb0,0.25921632183731724
ck_004fe0daecbe2c1a,0.03853897949488175
ck_d17653a4a2d4a79e,0.01872870781987517
ck_0dd417fcbf19e424,0.018604789448935302
ck_4c99a6eadea143e2,0.08533009516567656
ck_74d602c907ee9119,0.0021932550024737355
ck_1aa87cb62acc0ac6,0.007710074166844807
ck_094974d75e29fb2f,0.1239399078736728
ck_5ef935ac3d4d3332,0.030296432817033946
ck_b26e4ae47c9107ed,0.2024413639251467
ck_396cea6f95186ad2,0.026229713401891026
ck_48446a9e8184c7d4,0.002199968649355386
ck_31e1ede23247d56b,0.021777334750765213
ck_7afefa349b960a3e,0.01841642354996447
ck_f5e02a3432571b20,0.03559847862009579
ck_64eefec062592c43,0.007623594983028149
ck_a1201284122c141f,0.027519824645688754
ck_1b34c420a4c85a95,0.006101514435616178
ck_d637a011332ba67a,0.009558850807978471
ck_99c0004d8b7079f8,0.004398867157250206
ck_948517bad569b40f,0.10019439249483099
ck_a28d6b1601b472a6,0.023051682796855922
ck_a0b4209feb31f5c0,0.9963992320723074
ck_d6d2c1f6dfc455b6,0.5710088072139181
ck_3f9e6d356d3dd3cf,0.0012462464756019466
ck_d08e00c842b75176,0.014148004198150193
ck_bfdd232a7c5f2660,0.035119354995496704
ck_2cdad03ed069438c,0.01578615788523648
ck_42317c3eabd0a285,0.7770426193456144
ck_3eb73e56751c704d,0.023332993626426515
ck_ef33c04f4c9e3758,0.029260833707225837
ck_1dc23dc870f1773d,0.015121689317872009
ck_76091f357974a152,0.004556516309703902
ck_4d9eb75e8eee90fd,0.04305487878801144
ck_578f67e69e5d2cfd,0.002884153449484297
ck_3a8ce1cc724229b8,0.0008390122960594431
ck_a96887f841e80fc1,0.08625953388801978
ck_d2d4a8f4a9f2c33f,0.006725186364600274
ck_11f85bc705dbe036,0.022884062155210157
ck_7429b3f87528e335,0.009080822045045464
ck_26df74feac7ec51d,0.00782994811233325
ck_c78b2638fadd91ab,0.01538623209742704
ck_7eaad325abe3b50c,0.003030399135001408
ck_fd44e34af620e606,0.058232106737426056
ck_f99738dff854e25f,0.0009267059427193354
ck_1ffbce3a239bb264,0.0035783174765573406
ck_96c7d52ba0a766ef,0.05210000200136617
ck_cb1c00c300af3f9e,0.0067465728894813325
ck_ec3d12848ced99f2,0.015004104586944097
ck_26cfd7c3c6c7bf69,0.009772240336160308
ck_7ae86b5a885affc3,0.021858404120486147
ck_3edaa94d28cd48ea,0.0030067630270152923
ck_3209c530c9812e39,0.003914608262167847
ck_ea62ebfc1f04b49a,0.005552884839333108
ck_5fc90b4668ea81bf,0.016304944196601053
ck_95654593cdebd141,0.0037580401965887343
ck_958c0bd61820147f,0.046640944196104164
ck_8440ef1386c07194,0.005186669175110946
ck_8cd1b68dd74b1375,0.326315183814238
ck_c9eb4df91ff07f2c,0.028996697965708088
ck_c29489366c01fe65,0.7873293740031326
ck_c965fd6bec0f0ecd,0.026099630315309565
ck_84c402b23766e1f2,0.021822131083714575
ck_181f3dae03b87136,0.08976977244058218
ck_022a8ae79eb28cf6,0.9293264721103897
ck_469c17407d17b706,0.01776075120381386
ck_1fcc5843f39148a9,0.0050872318749686386
ck_5debd55f361b2ddf,0.0033969587516706205
ck_28cb9b03e89263f1,0.0012402921018484002
ck_f067470743d3c7a2,0.05258436648581156
ck_d5d225ce41a1a762,0.01322526835456578
ck_15b4840922195ffd,0.040657726946097504
ck_6bcfa37c717f19f1,0.013637229193836765
ck_8d501a0386c66be8,0.09263856193484539
ck_1a9d6190c57ea7e2,0.6233143500875272
ck_c49832eabdac5bb7,0.0015762990138646754
ck_b4331140b2e0d4aa,0.012809229635862706
ck_5efbea1befdefe1b,0.21311165518923533
ck_72ff52c4824072ce,0.025899211652282064
ck_ec3715add8bbb6e9,0.0013189950123537024
ck_9822f8ed05335741,0.01183039909610519
ck_c3d7d3d12a1981a3,0.00782931467518682
ck_a115a7919ac5875a,0.06318424623526295
ck_4dd4ed23e0b927b7,0.21476985124535247
ck_4c76efcc1ee6762d,0.013762618783847871
ck_3ad6e7bf452c9b21,0.008902961679701569
ck_dcbab304b55a42c7,0.008708000855896611
ck_24b53090faf722cf,0.006403879718347395
ck_187317383400491d,0.0027860240768030936
ck_e07fd57565c94c28,0.04232122219060662
ck_740e760fdcd27835,0.0023461600931076196
ck_d3796aebda1cfed5,0.955482956571292
ck_e541967c681cb929,0.0539464685262482
ck_431118050b834dcb,0.0008672348803558568
ck_90f3655f0c8a0074,0.0010067469694714955
ck_13cd943777651aac,0.079778324878734
ck_66accecabf3901c0,0.015808434377750456
ck_937f0da2306b2eb9,0.002882307426528966
ck_105b0c93573fd5b7,0.9165374304473755
ck_00480407160e0743,0.0027252706116594923
ck_e032068be7b77d15,0.015100325633911029
ck_991b7dfd69098320,0.00178774307837474
ck_37d47cf0f34574a2,0.0021543140753440345
ck_011551a596544f5d,0.006803628875701365
ck_9acd98f4fe2d474e,0.22735584543657186
ck_7c88d3d377bb61bb,0.07747559882287276
ck_e2374c7136c964fd,0.031350603254549685
ck_2fa8f2577116e9ca,0.26406802518834277
ck_d07c5b0321c685ea,0.16781173492439413
ck_bc736114a31088a7,0.013323173107394877
ck_32bb42f9bff197f8,0.013199246625622564
ck_66267bbad1f1415f,0.9925423391617119
ck_19988702ccd79201,0.006210339694949317
ck_f473a03fbcdbc4b0,0.006048791687390833
ck_e3f1d85fa5d49396,0.015454618792326178
ck_c4402ea6291df271,0.016597520020454927
ck_243bd5ca8c4ae5d0,0.00407582021735574
ck_f271e855925e8d6b,0.2490294197331639
ck_e424148c6f2223df,0.001204849313520961
ck_e4d0a9e1102a58b5,0.007655747253355178
ck_91c2a5fe69b9b1d1,0.00806101813666771
ck_5fd8924732fe403e,0.2523757915603562
ck_9a881d5433126ada,0.012560919987267388
ck_73cab88b29c7845d,0.034793426156013725
ck_5b5dea6476d4e182,0.01669634260195531
ck_ccccb17d2ca6ce94,0.05648036351335289
ck_cd1dc68e441222b1,0.9874602093876352
ck_8312c49b1431a406,0.02696476146694695
ck_25fea39897f2a559,0.01395777776043273
ck_f56200205280bddf,0.030967627957232714
ck_7336611650dcc088,0.0010337241758210098
ck_590716322ff147ae,0.05978849241690992
ck_c82364d87875a1a1,0.016648695499757303
ck_fa4b60387d744fc5,0.0013460139665653185
ck_d841eba8906e9a15,0.0037159069650542827
ck_d6df562a79b9d0d9,0.016898819529797486
ck_59a14d2564193101,0.0014892309656318688
ck_8530158e3d7f59e7,0.015245852738048755
ck_ac68d707006c12a8,0.012552557608943513
ck_976fac1bb3dd8c58,0.030384566141923804
ck_f854fba8f4adae3d,0.04370341841420243
ck_b98e9c3ec6e7d1e7,0.01011845641368179
ck_803c0b4cf9d4bc1d,0.018212813958769607
ck_76997a33c3ea5107,0.0007457431514062753
ck_f1a9d832b700bda1,0.9846464630610294
ck_2bd96ddb8c323d63,0.9781534685327856
ck_9e5b7acf51b1b743,0.020914990204813712
ck_09169f22194fd6aa,0.03663544850107915
ck_6d69e092f9b0848b,0.011924033326543045
ck_9f83fa5a2d3b9049,0.01752382525581596
ck_57bbb19eecb4b87c,0.0013500977324751294
ck_e0e9cfabb979f428,0.006084116745331718
ck_b1ff9edc51d42f97,0.004338744243442282
ck_4682fad271d47eb0,0.9896448777098401
ck_ab33fb754c818ae3,0.015241444620137455
ck_b456f62b80e21557,0.0008403627843340017
ck_16340be3f2a7fffd,0.0016765391150801662
ck_ce66831f6611014c,0.016854322103235155
ck_4610a073bb54d1b1,0.01411331921751199
ck_fd038a7d33a9d6e5,0.002876626341202263
ck_c8198cb4c461304f,0.032777104814936765
ck_1e7de58822000dea,0.0046163274432256055
ck_b2a79dd3df560f14,0.0330423541400452
ck_74a06f347b32347f,0.012884302815738201
ck_c6fdb2972417c9bd,0.015445214609955021
ck_d7607a213b800bfb,0.01793045784579188
ck_df65967b8b40319c,0.001768704732541054
ck_329a73dbd585ee09,0.008821432910548103
ck_74991a9e85c3b07d,0.016160667177745152
ck_bb76609b79e0bc9f,0.011940131099172604
ck_f7fc1bd0b9ab1fa4,0.00969177865484569
ck_d111c98b36bdb791,0.0036448195952182827
ck_f07e27d125497b66,0.02905326908583177
ck_093e3a7134e11d6b,0.00856563780062379
ck_862c7953bdea48b0,0.01755340632116918
ck_392cf2cdd515c34d,0.008838455081172054
ck_80eb91b0b4001084,0.1267705677658133
ck_5923f53b77193a58,0.19354383589089394
ck_8049f5fce32be185,0.852930903367467
ck_ebc5a2c6cf88e252,0.031936851343301854
ck_9ea5872f14cce338,0.009178162950298153
ck_f7fbc95ebf584379,0.018574903325012364
ck_bafe82c870356706,0.9897027125526544
ck_278b36c5932d9bff,0.001924412163404477
ck_6a892dd5d05c1649,0.00831111224763376
ck_0734fd90b2cabd43,0.009321702310491828
ck_9b552204498b6762,0.014260029106601556
ck_f6c909c205767956,0.018707560594242487
ck_32f590e87bc3d715,0.0005412781466877588
ck_66a8325f28be7562,0.003096798053350582
ck_b129261da9c3c3c9,0.005294698471662512
ck_a524071c51ddde20,0.0206932888783913
ck_ba576d6d4cb6130b,0.15804378953154752
ck_8d8226520722af78,0.054398889017120707
ck_c5b0f0d4f1655a20,0.029662880417534055
ck_61814ae9b6d8eab1,0.004157002793471611
ck_382ebf136f7fa337,0.2530814451114788
ck_423ff4ede6a9f066,0.011252128813787282
ck_546ad962d04b7de4,0.8698292113437501
ck_9473ea4a01c95f9a,0.06656301502629579
ck_9eb1da8cd35a50ce,0.009266140501918575
ck_de5eaa2cdbcb67ff,0.0832012237876686
ck_537cc97d0398c922,0.13148508923770694
ck_998475a2e4dfad4e,0.005304728210560463
ck_e62eb708d2688fae,0.0125628429863306
ck_ea623358f704daa7,0.16698096072079377
ck_b911a09f328dfd4b,0.002880738583835052
ck_4b3506b624e5193c,0.033735222302027856
ck_448456f96788713b,0.031034821732183082
ck_5d5ef9e75f65d076,0.032946853041160705
ck_3b74512f774a6e5a,0.004139576588049712
ck_a032e8ac1507c6df,0.5240951279657792
ck_7e2d6b22a0ae20c2,0.04035550268284254
ck_d80283209c963f11,0.009856141342612184
ck_d1157eade2ac3975,0.01675864759749822
ck_be48f583f79427f7,0.02417090589678696
ck_0027b5d4107d65d8,0.052338984070409086
ck_94fff69584dd3b2a,0.01691171876913343
ck_75fcda73f0b43557,0.010718718205729158
ck_a1c78972e4ee4082,0.00892821805393655
ck_f0982bbdbd122f91,0.007457317668459615
ck_3199b471575aeb3a,0.001797875786091309
ck_7fa947a0b1c1cf74,0.03998942546195623
ck_a60c618b7f0e4252,0.0023530689244673363
ck_722ac47c8ac9b6c3,0.21430503669729886
ck_d44dc3839a195c8a,0.04762575320594737
ck_a2c3e82fab520483,0.006266712676994871
ck_6f8ae0319c07cafe,0.001786274914056253
ck_49886ff1e2c759d6,0.04444188949522424
ck_150a1108f936e6b0,0.005364304095993648
ck_e21f9f96f597695b,0.0073628714304495805
ck_7297bff2b7fdcbc8,0.0008844015540284371
ck_ee949c71f4f702eb,0.9885555604822884
ck_6fc37dea4b4f35c6,0.1293609145320567
ck_e76257caa98dc25d,0.9815168038608575
ck_828eef2334e17b3a,0.02159430885439182
ck_604e1b8a8c693aa7,0.008095987067367293
ck_7743c9fe037d1f9e,0.013487259782405978
ck_864a11202e19e812,0.2716579050086106
ck_4ec040b9e3785e4a,0.0018491018847571104
ck_7346e4f820d9c00a,0.8408442671993688
ck_48d4d63beb26b623,0.006966853658085368
ck_c423aa6de3ed1e01,0.005632497362372528
ck_d74b2ead8aaa3f73,0.012472561341446515
ck_1dd69a11daa7bf1a,0.02896551461430838
ck_d9143e236eef177f,0.019548095607310106
ck_f790d91e5ff0eccd,0.30907908617613294
ck_69b5620e00ef5dec,0.00135702184624143
ck_cd32e58e8a1c0e85,0.011871462659843202
ck_064013b0957d87a5,0.9961824431296842
ck_a481385c2e60dc4a,0.0031853452959613054
ck_d72035cb29db3aa4,0.024462262025175714
ck_3759939a0205306d,0.016666551267964975
ck_f437a53fc832ec95,0.9769683830198994
ck_260ef2f3e6434819,0.0704341185263253
ck_35e411b05d22f663,0.02739151844233274
ck_8bf46e472f3e20de,0.13313640286008732
ck_d546994fc5d3e9d1,0.008017469219849605
ck_6ff0fc7487e737e7,0.23857022396053087
ck_5c67f27816ae0b6f,0.0113209517874747
ck_c5517923458106ae,0.0074387195122344475
ck_d9735647a6b0b0a7,0.7355311143879267
ck_541a734fc457246f,0.08087029697006623
ck_2f6a639468f41043,0.0029499740265074305
ck_bea2cf7a6b7bb900,0.0073209006144301855
ck_7eebd0e6ad6c070e,0.00971116703585082
ck_b64c87d5e3b10e6a,0.8936916979038367
ck_9dd7daacb7833233,0.02492369036471691
ck_396e9ea9a6c6d7d9,0.014561039238312918
ck_1645e6cc53fa99ff,0.013659328634909583
ck_ea2a83ccb8d57490,0.0015067998527917897
ck_e64f0df63e1be595,0.036212693994437106
ck_fa0b234481cb57d3,0.03599575171991836
ck_63379e3c9fe6f711,0.016362221164369074
ck_c67f7944896a0310,0.03116536351272313
ck_c10e54c9db29e6ef,0.9941963799348645
ck_7184ad7709ae4c80,0.018938731996781075
ck_f8b6069d7577fde6,0.0030677191920370377
ck_18444be153bac1ca,0.8421902835155304
ck_d0982b4e0e118e4d,0.03970403566070141
ck_6faf3e6820398866,0.03987765106514621
ck_97e980463aca4644,0.004867950620850245
ck_630c835243c66b19,0.994222265962814
ck_fe429ba3e1aa0e4f,0.00983355061094832
ck_1058129ed7b48c59,0.0076721493811450995
ck_04a1a46f07885296,0.023170478806556753
ck_f01e94331067edf6,0.021463505390843702
ck_77b2fb17c29f5e72,0.020024270503347215
ck_4f0c5857da45fb28,0.09585889435053785
ck_2cfb9a7775e8a5bc,0.9386106851008411
ck_6846100e43659bf3,0.0023271269709430513
ck_f89719a854fe11d7,0.03195668851575163
ck_bf47375e41ca3bc0,0.003450983396394668
ck_2770b0400a7bef08,0.04909487373191791
ck_2a09d142de1c77ff,0.011402138083038606
ck_857a1f5547b9ad68,0.05460804281905329
ck_185f15b1523bbcf4,0.003236862069120196
ck_ab2aed614ec1cdf8,0.03610419126886309
ck_a9e7f3b2d5dfd97b,0.016590573770262462
ck_0eeb3d9b3e697edb,0.020192170616130167
ck_fa5830d81bc8ddc1,0.0021777159336416004
ck_231ae0329ebc3220,0.021607691232053767
ck_1587763dd54688c9,0.0031358581926448584
ck_9f85fea4490c00cf,0.021040733411855295
ck_a2d709e7eb91e4af,0.08088536820419762
ck_43637d28c7216453,0.0026108932319333644
ck_f3ab5dd853d38252,0.015799847221983757
ck_4a1f0172d3bf4fd3,0.007222744797157869
ck_517620ca16505af0,0.0038858457599735686
ck_9ae904fbef56065c,0.001563405498657583
ck_d5ef1f6e34bb35b8,0.0782114607178547
ck_ff42557857ae3aeb,0.0012855153108816812
ck_ad9a18f58589faa7,0.003645021274950624
ck_df1a6edaa3e6b271,0.0054679810266815366
ck_99021fe7225b5a68,0.05997969832566703
ck_99e52c3c2530b69e,0.9905201102349125
ck_3a4811dc4a1a891d,0.005089097806014565
ck_ba3a6be026c87079,0.004619099829992159
ck_da6d1e5cf6aba6fd,0.00942672823562203
ck_ddc7c1f3d45fe6e6,0.024675602293994098
ck_e1b1e7a7e4a15b3e,0.008008543103111275
ck_8288f7f226e08b89,0.008375925694125342
ck_c4524993ec31dbe5,0.005516538721359197
ck_8b19bb5b23b6741c,0.0447087567979468
ck_d21b38231a8a9f4a,0.09812439948979879
ck_3f730318a9792292,0.01840651776728236
ck_a4db6e94a8f77f9d,0.04794615406906154
ck_a8cac8d480306839,0.00222840073318197
ck_5472214011fbc2a7,0.007083935810712962
ck_7356f47dbbbe7904,0.003355449288139177
ck_16801e628e883d78,0.005610111042044809
ck_0dc1e536231c4860,0.0140001439557104
ck_7cd0634a6e60af83,0.014212770773765277
ck_ef6f8e048ae1bd4b,0.008342186340337695
ck_82f3f744209888ac,0.018474865530259312
ck_f33188c232a03526,0.17683047438411018
ck_4a59f4e10bf45d7f,0.0019674646476600887
ck_d96c893721385e4e,0.0023786002857984698
ck_f65ab819373edb37,0.01314338772279679
ck_21cac21fc10b7768,0.004803566694476649
ck_139b54e6ccbdd7da,0.11433031824952584
ck_d6f5c8741697abb3,0.02207076192822114
ck_a28d9bb5590d458f,0.2642591008542676
ck_ed26d906883bea0a,0.008375806025993582
ck_227602ad072b838b,0.0012011089842541378
ck_39d5f6c17c745ab1,0.0011655622629508618
ck_744eade757ba69b5,0.058175932051984486
ck_c1295d97cdf35ec2,0.0035095352551667448
ck_69105f881da3c821,0.01863961900485759
ck_933789b55361d7c1,0.92510349103541
ck_b667952253503174,0.00682303042380443
ck_7bf668e25abeeb05,0.004939447878998483
ck_91742711dfdffd56,0.01591211344389847
ck_af32a0660090dd68,0.00856755938744706
ck_2122f201e65f76ee,0.00414260454469872
ck_f48acb73a5d6af07,0.021513091689212206
ck_337c5684510cf432,0.03336192835725396
ck_f7bde7265053364d,0.023999934195075262
ck_c190c7b924edba75,0.031249847919134644
ck_044fa3b3a003f0b5,0.04576856830514272
ck_87eb43e3b9d96169,0.1370445765675555
ck_2d3d6c9364362017,0.0014233354936372855
ck_ac55dc6cbcdf8228,0.005808081411826698
ck_61d7b0568ec5d6cf,0.050479887435706396
ck_89c74feeaffa7d09,0.002686962098233365
ck_93776b0c113f41f0,0.05595043894146146
ck_15e0b679931f7a8d,0.005234285405595477
ck_77b56c49cfdb1d81,0.1968173714309354
ck_73188a826b5f499f,0.010679877612806957
ck_4f463ef25325ddfa,0.6865967206878052
ck_863db2e394dc47d1,0.9895254670804807
ck_d52432ed597f3cc9,0.014660631541471056
ck_04fb61e5739642f8,0.16705004649505867
ck_2e481d75d110c06d,0.10181723471996658
ck_3fa1a523d77cd619,0.02277718477378356
ck_466dc6274fecd708,0.005748491524775202
ck_e1790b3aa2241b10,0.9449054916639092
ck_84ad096a46e1a960,0.041358323167592546
ck_3be72c9c178fa00d,0.01115195553714677
ck_5a17c89219d1d9fe,0.013181165012554725
ck_4f639f4ee6ce8d9e,0.12591790702781758
ck_f4ec4a935e51b4db,0.03328705686126339
ck_f04040a830f92bac,0.008213479461851468
ck_3e4d02a04be2aaf8,0.01856133183227002
ck_4d1baef193cfb900,0.04208754882582457
ck_0fb3153d37626b75,0.0009639206493995772
ck_88ec57a11b11f702,0.9251141313953385
ck_dca9dc465f759db4,0.004584260618003847
ck_64f5fba6af67e024,0.01060248829301252
ck_896096cb167254ef,0.041370229921487284
ck_7878679065876b98,0.026109146201467377
ck_fe8e5a6c880ceb4e,0.008679245402249496
ck_a5e036327d3d1862,0.001186982594832253
ck_310f73940fc4cf4f,0.027147819303111092
ck_46a8db16ad00b749,0.01489681377060404
ck_0d33977c3de8cfaf,0.9916461367638438
ck_c6fff412f531db0f,0.0009784995417192305
ck_bac6dadf428eaea9,0.009554880313873927
ck_1b96d9af0d7da2d5,0.007200627104650934
ck_fa8a4a9e77799fcc,0.002534150060956302
ck_0bf48607a874b4d1,0.0025346903517386907
ck_eeb75f8a6439f65e,0.0174543747752065
ck_a209a5f7d172125e,0.013534744111230611
ck_8f346b72fb40bf14,0.006896238353112446
ck_bccbf9fef367f00f,0.02441761132607189
ck_2d1548f1ee405cc9,0.005910654264291809
ck_e8298ff2dc1e9d50,0.004871432417014036
ck_77c0fb524edb4a94,0.005870144654202
ck_28ac4c5134cb8e77,0.03373186574738515
ck_db23a0e3e54be60c,0.5852426667594638
ck_a059d00cee5cee99,0.0037335783489888343
ck_3e9e3bba8bd363af,0.002823874637633004
ck_0428728df24cdab4,0.0026110513339073272
ck_88cd35378075c84f,0.0014612688298078528
ck_0174d76398d9dc0f,0.03143398548371331
ck_3f1287e6c27de0dc,0.02122405129365534
ck_ff822700f3605e06,0.9980831558627632
ck_4563227b2038ae07,0.1449208351578828
ck_788e78065526ee19,0.01879779577495759
ck_8a16eb584093b12f,0.0030931287192070295
ck_cc276f71ab6c08fd,0.059148084607623816
ck_d61d97b21002f3e9,0.03349048052395662
ck_4b2e87d86a5e415c,0.042165870739950775
ck_3e6f35e4500d2f2a,0.000996539200986067
ck_3acdb083e0d8ad61,0.0036554516047149757
ck_cd655202db489010,0.0021594405173273
ck_829cbf5ccda481ae,0.004187310852919748
ck_f5882e6f98b8b4cd,0.0008934935242488604
ck_767947540b234add,0.009902991189367357
ck_a6e8e8f535b1f1d1,0.09098389257578654
ck_58412a2674fea506,0.02317035743895669
ck_fae7e518a585fa61,0.027647886257717268
ck_9c60ae6958d68dbd,0.12799025571335426
ck_328696b8f5e54ec6,0.09184089085060375
ck_7df3f8f4f1068d62,0.004024090743020637
ck_cfadd21458230ef7,0.028046358749281092
ck_7048bedd554c703b,0.0016605614738241113
ck_50422466f145bfd7,0.0013382598188915974
ck_61e1f7168cd9ff25,0.03739826283441144
ck_733aff0f56f5b3c9,0.0785696239350243
ck_e14892e424180549,0.002278966122279583
ck_03f6664a96de7d0f,0.018441009618281958
ck_b7f4baa2cc82fe61,0.007636580628825385
ck_1e51199a075ca0fa,0.007391844826427243
ck_0e70516fa07cfb17,0.9781488691692615
ck_0f37c554a5057801,0.6208999598277918
ck_5576b725de38d106,0.012857972912059028
ck_82f360df1e9f4eb8,0.08593701144174257
ck_395f3bd4aacd7ca6,0.0128578208093125
ck_5e8e857b63966609,0.35775225338930394
ck_93470896f0804b6b,0.9701063437328283
ck_3be854e42e76569a,0.005363771954801809
ck_0567302c57a2417e,0.05395918037912564
ck_ee535461b5f05539,0.21222786791222564
ck_94a096c36162a153,0.01034327101781032
ck_dfc8f5c141fd7c63,0.020835317767315793
ck_98b34f2d704c1c2a,0.01284207014562815
ck_96dff7a09d45f116,0.06580630034501939
ck_79557434c129ba52,0.010776117812794939
ck_4596624a7c01d501,0.013835273327737202
ck_04e89fbd739243fa,0.0020691385688307033
ck_6149ffaf18872dc8,0.0017235137441338096
ck_cd78f0832a09bd8f,0.923330878958352
ck_7e29c10d781c3b41,0.0043304678320518035
ck_1f7ee7b23fc6f2f4,0.004016286788153132
ck_c49b685d2b3ab89a,0.008125015029056395
ck_84569a8fc50e73ac,0.016446481143202293
ck_b92b11d205af91eb,0.0011959031718950896
ck_06280e6d6d2485b0,0.006498861752749072
ck_3c08546dd0c92863,0.018475762477979798
ck_99d3983f907828bf,0.008250600942904834
ck_eccfd552aa652d3c,0.023575430762043107
ck_0cff8153881875ba,0.011723596214724952
ck_c1aebbeca6ab5ff9,0.00545565412099633
ck_538fdbbb3c2bcbbb,0.023866609759335314
ck_8c0210322733c718,0.012977944196059231
ck_0b0c93039f987abc,0.009612055258027177
ck_6d07d6d1bd227d37,0.21086144399160972
ck_9b6ee35e8cd0b11c,0.00321161236242068
ck_d838491d3d4f5ecf,0.006858953458782897
ck_0593ae243a9ebee9,0.010046827028229269
ck_ef261fc09be8eb0b,0.0024309569695025253
ck_d0935b571a4a3868,0.0137245764365254
ck_97d04a67a104af39,0.048719360345562755
ck_e25f70d0b7229420,0.018893438691988482
ck_9b71274ff83de482,0.9718518142722533
ck_6de2aa2bb60978d3,0.017522422042372532
ck_eda55c8fb47593d7,0.0040243026784113674
ck_924e572517515f19,0.5816680308094513
ck_d6f27eacbad310f4,0.006818670245788063
ck_8550f229b5eb03ab,0.0046840492441764464
ck_e3e95546a84d0ed8,0.024133680238045425
ck_3135c019696ee6af,0.9657583210489841
ck_41ba315d8fccb559,0.0076835909077054695
ck_72b86e4485da2d0f,0.9879594992758528
ck_daaa995f3c2f0e47,0.0455584143111338
ck_053746067839696b,0.028738458360480074
ck_a15fe7d0f4b65c33,0.5937003250437848
ck_15de11438732bb05,0.007752757926865359
ck_2c4d25acbe3fabd9,0.007096409955515585
ck_7f08078908599bd2,0.06906338888563575
ck_e794741742fb2619,0.024582536071843564
ck_238e53b6dee8c301,0.0026843372791954113
ck_53a6a33060d5c8b8,0.004985035658309766
ck_0e0919292ad33472,0.6109186447092632
ck_d86ccf148c06c8c8,0.1147139181840658
ck_c881f26c9bf9ae42,0.5317429192536028
ck_4b0947bf94e9d847,0.029259930046350597
ck_e10ff5c38bd18470,0.01830194406970236
ck_b60de9e97aad9e45,0.7715726791322877
ck_190bc849e5ff5401,0.02287585948463393
ck_e7be077aa0b2632c,0.0016507958432678655
ck_a51abde881ebeff3,0.012122991834339843
ck_2208392a9f6bd249,0.020949694804346213
ck_0259da8f109017e9,0.006722334739766716
ck_05e01ab9c95449da,0.015370840804269975
ck_c82897ebffb6ae66,0.010281679170259598
ck_b4a6bb4689cd7cfa,0.010477427836424929
ck_9e21ea33018ce538,0.009260841862196147
ck_caa348f0e65db062,0.9926099747154876
ck_a964e6b5d8415334,0.6970730908188937
ck_510bfbbee37ff436,0.01237318323403417
ck_9741a82faf5c7889,0.014221180388963148
ck_e7f61b4a39ba98ac,0.0019545789484784614
ck_069d158665a53909,0.0056928489045993645
ck_6426427efe3228af,0.024403920593286728
ck_ab4a8d02ec3c0fd7,0.0007440699328096736
ck_aefa0d8d933e0eca,0.04402847600783155
ck_232325ef6bce92f1,0.015633273731473028
ck_14e58c3fb26a2b4d,0.021256509143179236
ck_06e73afdec26aecc,0.19330731296584538
ck_3168f4f2778d64e1,0.018128830967031488
ck_ff3998d6858daa21,0.0016630395258516318
ck_bccff46fb0868454,0.3030308987154403
ck_c7d444d90fa86d7c,0.3576816259277812
ck_f0bc3bdee6bfbb94,0.013996110208409015
ck_f7112818a6d81422,0.030118972634194854
ck_aca35dbcb835ad02,0.018198976722058963
ck_f637fabf0f60528f,0.011671341459979593
ck_53d17ab97de1ac3e,0.006851556596758791
ck_c8c1bf16d9113493,0.07028878336399336
ck_e842fb0cf055a83b,0.0961094070856295
ck_93c0cb3dac4891fe,0.0033100881135919723
ck_0c1f088e17e46daf,0.015505487211373627
ck_8f4b384955bf57c9,0.00905054998202281
ck_09cd5c4df1e81ac2,0.09599836444814797
ck_1e832a5b2342554f,0.03395439807168927
ck_2cb763a881aee27f,0.002757312597768015
ck_5875828b11406398,0.02575299005421928
ck_48e84b0cb0b90fa7,0.01686129098303886
ck_833688de8629c5c0,0.0028127981213559674
ck_117d78ccd5820f36,0.03958900566079781
ck_668ec61c4c39cae3,0.0024264077105963905
ck_73a7794b659d7a34,0.006201771870685108
ck_10f90d879209734f,0.009667304258475092
ck_d1d079913aa158bf,0.0027928690497426027
ck_01c631b38e8a9535,0.005942300229294834
ck_f6923088c17a04e2,0.08654408232309468
ck_b447badc9138987d,0.0007420760055820992
ck_8b772caed8f1541c,0.005165180905732305
ck_5403c76fe68a08ba,0.4981180765406377
ck_3e6833574edf1736,0.005636420694342827
ck_e527fbb9450a4581,0.9629544129816596
ck_cc90e219f1ebf390,0.0019250118624493098
